Date,Sum of Open,Sum of High,Sum of Low,Sum of Close,Sum of Volume,Sum of Previous Close,Sum of Daily Change,Sum of Daily Return %,Sum of High-Low Range
2020-01-02 00:00:00,11.600000381469727,11.699999809265137,10.729999542236328,11.489999771118164,0,,,,0.9700002670288086
2020-01-03 00:00:00,11.489999771118164,12.9399995803833,10.6899995803833,12.699999809265137,0,11.489999771118164,1.2100000381469727,10.53,2.25
2020-01-06 00:00:00,12.699999809265137,15.100000381469727,12.699999809265137,14.779999732971191,0,12.699999809265137,2.0799999237060547,16.38,2.40000057220459
2020-01-07 00:00:00,14.779999732971191,14.90999984741211,14.460000038146973,14.609999656677246,0,14.779999732971191,-0.1700000762939453,-1.15,0.4499998092651367
2020-01-08 00:00:00,14.609999656677246,16.389999389648438,13.789999961853027,15.640000343322754,0,14.609999656677246,1.0300006866455078,7.05,2.59999942779541
2020-01-09 00:00:00,15.640000343322754,15.640000343322754,13,14,0,15.640000343322754,-1.640000343322754,-10.49,2.640000343322754
2020-01-10 00:00:00,14,14.25,13.180000305175781,14.079999923706055,0,14,0.07999992370605469,0.57,1.0699996948242188
2020-01-13 00:00:00,14.079999923706055,14.5,13.579999923706055,14.279999732971191,0,14.079999923706055,0.19999980926513672,1.42,0.9200000762939453
2020-01-14 00:00:00,14.279999732971191,14.279999732971191,13.0600004196167,13.90999984741211,0,14.279999732971191,-0.36999988555908203,-2.59,1.2199993133544922
2020-01-15 00:00:00,13.90999984741211,14.460000038146973,13.59000015258789,14.119999885559082,0,13.90999984741211,0.21000003814697266,1.51,0.869999885559082
2020-01-16 00:00:00,14.119999885559082,14.369999885559082,12.600000381469727,14.180000305175781,0,14.119999885559082,0.06000041961669922,0.42,1.7699995040893555
2020-01-17 00:00:00,14.180000305175781,14.529999732971191,12.5,14.130000114440918,0,14.180000305175781,-0.05000019073486328,-0.35,2.0299997329711914
2020-01-20 00:00:00,14.130000114440918,15.5,12.470000267028809,15.40999984741211,0,14.130000114440918,1.2799997329711914,9.06,3.0299997329711914
2020-01-21 00:00:00,15.40999984741211,16.040000915527344,15.069999694824219,15.859999656677246,0,15.40999984741211,0.4499998092651367,2.92,0.970001220703125
2020-01-22 00:00:00,15.859999656677246,16.610000610351562,15.359999656677246,16.360000610351562,0,15.859999656677246,0.5000009536743164,3.15,1.2500009536743164
2020-01-23 00:00:00,16.360000610351562,16.709999084472656,15.779999732971191,15.859999656677246,0,16.360000610351562,-0.5000009536743164,-3.06,0.9299993515014648
2020-01-24 00:00:00,15.859999656677246,16.219999313354492,14.59000015258789,15.5600004196167,0,15.859999656677246,-0.2999992370605469,-1.89,1.6299991607666016
2020-01-27 00:00:00,15.5600004196167,17.34000015258789,14.680000305175781,17.18000030517578,0,15.5600004196167,1.619999885559082,10.41,2.6599998474121094
2020-01-28 00:00:00,17.18000030517578,17.610000610351562,16.959999084472656,17.299999237060547,0,17.18000030517578,0.11999893188476562,0.70,0.6500015258789062
2020-01-29 00:00:00,17.299999237060547,17.299999237060547,15.649999618530273,16.5,0,17.299999237060547,-0.7999992370605469,-4.62,1.6499996185302734
2020-01-30 00:00:00,16.5,17.139999389648438,15.380000114440918,16.799999237060547,0,16.5,0.2999992370605469,1.82,1.7599992752075195
2020-01-31 00:00:00,16.799999237060547,17.59000015258789,14.899999618530273,17.3700008392334,0,16.799999237060547,0.5700016021728516,3.39,2.690000534057617
2020-02-03 00:00:00,16.84000015258789,17.030000686645508,15.479999542236328,15.779999732971191,0,17.3700008392334,-1.590001106262207,-9.15,1.5500011444091797
2020-02-04 00:00:00,15.779999732971191,15.779999732971191,14.3100004196167,14.380000114440918,0,15.779999732971191,-1.3999996185302734,-8.87,1.4699993133544922
2020-02-05 00:00:00,14.380000114440918,14.529999732971191,13.819999694824219,14.170000076293945,0,14.380000114440918,-0.21000003814697266,-1.46,0.7100000381469727
2020-02-06 00:00:00,14.170000076293945,14.239999771118164,12.649999618530273,13.779999732971191,0,14.170000076293945,-0.3900003433227539,-2.75,1.5900001525878906
2020-02-07 00:00:00,13.779999732971191,13.989999771118164,12.979999542236328,13.75,0,13.779999732971191,-0.029999732971191406,-0.22,1.010000228881836
2020-02-10 00:00:00,13.75,14.600000381469727,12.970000267028809,14.210000038146973,0,13.75,0.46000003814697266,3.35,1.630000114440918
2020-02-11 00:00:00,14.210000038146973,14.210000038146973,11.380000114440918,13.880000114440918,0,14.210000038146973,-0.3299999237060547,-2.32,2.8299999237060547
2020-02-12 00:00:00,13.880000114440918,13.880000114440918,13.149999618530273,13.619999885559082,0,13.880000114440918,-0.26000022888183594,-1.87,0.7300004959106445
2020-02-13 00:00:00,13.619999885559082,13.670000076293945,11.800000190734863,13.369999885559082,0,13.619999885559082,-0.25,-1.84,1.869999885559082
2020-02-14 00:00:00,13.369999885559082,13.989999771118164,11.899999618530273,13.619999885559082,0,13.369999885559082,0.25,1.87,2.0900001525878906
2020-02-17 00:00:00,13.619999885559082,14.619999885559082,13.380000114440918,14.420000076293945,0,13.619999885559082,0.8000001907348633,5.87,1.239999771118164
2020-02-18 00:00:00,14.420000076293945,14.819999694824219,11.380000114440918,14.510000228881836,0,14.420000076293945,0.09000015258789062,0.62,3.439999580383301
2020-02-19 00:00:00,14.510000228881836,14.510000228881836,13.479999542236328,14.020000457763672,0,14.510000228881836,-0.48999977111816406,-3.38,1.0300006866455078
2020-02-20 00:00:00,14.020000457763672,14.029999732971191,10.15999984741211,13.699999809265137,0,14.020000457763672,-0.32000064849853516,-2.28,3.869999885559082
2020-02-24 00:00:00,13.699999809265137,17.3799991607666,12.300000190734863,17,0,13.699999809265137,3.3000001907348633,24.09,5.079998970031738
2020-02-25 00:00:00,17,17.31999969482422,15.619999885559082,16.899999618530273,0,17,-0.10000038146972656,-0.59,1.6999998092651367
2020-02-26 00:00:00,16.899999618530273,18.860000610351562,16.5,18.260000228881836,0,16.899999618530273,1.3600006103515625,8.05,2.3600006103515625
2020-02-27 00:00:00,18.260000228881836,19.15999984741211,16.829999923706055,17.770000457763672,0,18.260000228881836,-0.48999977111816406,-2.68,2.3299999237060547
2020-02-28 00:00:00,17.770000457763672,23.700000762939453,17.479999542236328,23.239999771118164,0,17.770000457763672,5.469999313354492,30.78,6.220001220703125
2020-03-02 00:00:00,23.239999771118164,26.34000015258789,19.920000076293945,25.200000762939453,0,23.239999771118164,1.960000991821289,8.43,6.420000076293945
2020-03-03 00:00:00,25.200000762939453,26.489999771118164,21.540000915527344,24.540000915527344,0,25.200000762939453,-0.6599998474121094,-2.62,4.94999885559082
2020-03-04 00:00:00,24.540000915527344,26.290000915527344,22.43000030517578,24.229999542236328,0,24.540000915527344,-0.3100013732910156,-1.26,3.8600006103515625
2020-03-05 00:00:00,24.229999542236328,24.229999542236328,22.1299991607666,23.25,0,24.229999542236328,-0.9799995422363281,-4.04,2.1000003814697266
2020-03-06 00:00:00,23.25,27.549999237060547,23.25,25.639999389648438,0,23.25,2.3899993896484375,10.28,4.299999237060547
2020-03-09 00:00:00,25.639999389648438,34.349998474121094,21.43000030517578,30.799999237060547,0,25.639999389648438,5.159999847412109,20.12,12.919998168945312
2020-03-11 00:00:00,30.799999237060547,33.2400016784668,29.649999618530273,31.559999465942383,0,30.799999237060547,0.7600002288818359,2.47,3.5900020599365234
2020-03-12 00:00:00,31.559999465942383,42.33000183105469,29.809999465942383,41.15999984741211,0,31.559999465942383,9.600000381469727,30.42,12.520002365112305
2020-03-13 00:00:00,41.15999984741211,59.47999954223633,41.15999984741211,51.470001220703125,0,41.15999984741211,10.310001373291016,25.05,18.31999969482422
2020-03-16 00:00:00,51.470001220703125,59.869998931884766,51.470001220703125,58.880001068115234,0,51.470001220703125,7.409999847412109,14.40,8.39999771118164
2020-03-17 00:00:00,58.880001068115234,63.439998626708984,57.25,62.93000030517578,0,58.880001068115234,4.049999237060547,6.88,6.189998626708984
2020-03-18 00:00:00,62.93000030517578,64.58000183105469,61.150001525878906,63.959999084472656,0,62.93000030517578,1.029998779296875,1.64,3.4300003051757812
2020-03-19 00:00:00,63.959999084472656,73.33999633789062,63.099998474121094,72.19999694824219,0,63.959999084472656,8.239997863769531,12.88,10.239997863769531
2020-03-20 00:00:00,72.19999694824219,72.97000122070312,65.37999725341797,67.0999984741211,0,72.19999694824219,-5.099998474121094,-7.06,7.590003967285156
2020-03-23 00:00:00,67.0999984741211,73.37000274658203,66.31999969482422,71.98999786376953,0,67.0999984741211,4.8899993896484375,7.29,7.0500030517578125
2020-03-24 00:00:00,71.98999786376953,86.63999938964844,71.98999786376953,83.61000061035156,0,71.98999786376953,11.620002746582031,16.14,14.650001525878906
2020-03-25 00:00:00,83.61000061035156,84.5999984741211,75.97000122070312,77.62999725341797,0,83.61000061035156,-5.980003356933594,-7.15,8.629997253417969
2020-03-26 00:00:00,77.62999725341797,79.41000366210938,70.68000030517578,71.52999877929688,0,77.62999725341797,-6.099998474121094,-7.86,8.730003356933594
2020-03-27 00:00:00,71.52999877929688,73.02999877929688,65.62999725341797,70.38999938964844,0,71.52999877929688,-1.1399993896484375,-1.59,7.400001525878906
2020-03-30 00:00:00,70.38999938964844,73.36000061035156,70.27999877929688,71.88999938964844,0,70.38999938964844,1.5,2.13,3.0800018310546875
2020-03-31 00:00:00,71.88999938964844,71.88999938964844,63.61000061035156,64.41000366210938,0,71.88999938964844,-7.4799957275390625,-10.40,8.279998779296875
2020-04-01 00:00:00,64.41000366210938,64.41000366210938,59.779998779296875,60.04999923706055,0,64.41000366210938,-4.360004425048828,-6.77,4.6300048828125
2020-04-03 00:00:00,60.04999923706055,60.59000015258789,54.900001525878906,55.29999923706055,0,60.04999923706055,-4.75,-7.91,5.689998626708984
2020-04-07 00:00:00,55.29999923706055,55.29999923706055,49.939998626708984,51.79999923706055,0,55.29999923706055,-3.5,-6.33,5.3600006103515625
2020-04-08 00:00:00,51.79999923706055,53.72999954223633,46.97999954223633,52.2400016784668,0,51.79999923706055,0.44000244140625,0.85,6.75
2020-04-09 00:00:00,52.2400016784668,52.2400016784668,46.900001525878906,49.75,0,52.2400016784668,-2.490001678466797,-4.77,5.340000152587891
2020-04-13 00:00:00,49.75,52.4900016784668,43.63999938964844,51.459999084472656,0,49.75,1.7099990844726562,3.44,8.85000228881836
2020-04-15 00:00:00,51.459999084472656,51.459999084472656,44.650001525878906,49.7400016784668,0,51.459999084472656,-1.7199974060058594,-3.34,6.80999755859375
2020-04-16 00:00:00,49.7400016784668,49.7400016784668,42.2599983215332,46.099998474121094,0,49.7400016784668,-3.640003204345703,-7.32,7.480003356933594
2020-04-17 00:00:00,46.099998474121094,46.099998474121094,40.310001373291016,42.59000015258789,0,46.099998474121094,-3.509998321533203,-7.61,5.789997100830078
2020-04-20 00:00:00,42.59000015258789,44.040000915527344,40.29999923706055,43.459999084472656,0,42.59000015258789,0.8699989318847656,2.04,3.740001678466797
2020-04-21 00:00:00,43.459999084472656,45.959999084472656,36.220001220703125,45.20000076293945,0,43.459999084472656,1.7400016784667969,4.00,9.739997863769531
2020-04-22 00:00:00,45.20000076293945,45.43000030517578,40.470001220703125,42.81999969482422,0,45.20000076293945,-2.3800010681152344,-5.27,4.959999084472656
2020-04-23 00:00:00,42.81999969482422,42.81999969482422,37,39.22999954223633,0,42.81999969482422,-3.5900001525878906,-8.38,5.819999694824219
2020-04-24 00:00:00,39.22999954223633,39.95000076293945,34.97999954223633,39.119998931884766,0,39.22999954223633,-0.1100006103515625,-0.28,4.970001220703125
2020-04-27 00:00:00,39.119998931884766,40.16999816894531,35.209999084472656,38.040000915527344,0,39.119998931884766,-1.0799980163574219,-2.76,4.959999084472656
2020-04-28 00:00:00,38.040000915527344,41.90999984741211,35.06999969482422,35.349998474121094,0,38.040000915527344,-2.69000244140625,-7.07,6.840000152587891
2020-04-29 00:00:00,35.349998474121094,35.349998474121094,31.479999542236328,33.84000015258789,0,35.349998474121094,-1.5099983215332031,-4.27,3.8699989318847656
2020-04-30 00:00:00,33.84000015258789,34.25,32.529998779296875,33.9900016784668,0,33.84000015258789,0.15000152587890625,0.44,1.720001220703125
2020-05-04 00:00:00,33.9900016784668,43.91999816894531,33.9900016784668,43.66999816894531,0,33.9900016784668,9.679996490478516,28.48,9.929996490478516
2020-05-05 00:00:00,43.66999816894531,43.869998931884766,38.150001525878906,43.61000061035156,0,43.66999816894531,-0.05999755859375,-0.14,5.719997406005859
2020-05-06 00:00:00,43.61000061035156,43.630001068115234,40.20000076293945,41.25,0,43.61000061035156,-2.3600006103515625,-5.41,3.4300003051757812
2020-05-07 00:00:00,41.25,41.720001220703125,39.65999984741211,39.93000030517578,0,41.25,-1.3199996948242188,-3.20,2.0600013732910156
2020-05-08 00:00:00,39.93000030517578,39.93000030517578,36.54999923706055,38.40999984741211,0,39.93000030517578,-1.5200004577636719,-3.81,3.3800010681152344
2020-05-11 00:00:00,38.40999984741211,38.4900016784668,36.95000076293945,38.040000915527344,0,38.40999984741211,-0.3699989318847656,-0.96,1.5400009155273438
2020-05-12 00:00:00,38.040000915527344,38.810001373291016,35.2400016784668,38.209999084472656,0,38.040000915527344,0.1699981689453125,0.45,3.5699996948242188
2020-05-13 00:00:00,38.209999084472656,39.04999923706055,33.439998626708984,38.84000015258789,0,38.209999084472656,0.6300010681152344,1.65,5.6100006103515625
2020-05-14 00:00:00,38.84000015258789,38.84000015258789,35.79999923706055,38.18000030517578,0,38.84000015258789,-0.6599998474121094,-1.70,3.0400009155273438
2020-05-15 00:00:00,38.18000030517578,38.459999084472656,34.060001373291016,38.02000045776367,0,38.18000030517578,-0.15999984741210938,-0.42,4.399997711181641
2020-05-18 00:00:00,38.02000045776367,41.25,27.940000534057617,40.91999816894531,0,38.02000045776367,2.8999977111816406,7.63,13.309999465942383
2020-05-19 00:00:00,40.91999816894531,40.91999816894531,37.95000076293945,39.45000076293945,0,40.91999816894531,-1.4699974060058594,-3.59,2.9699974060058594
2020-05-20 00:00:00,39.45000076293945,39.45000076293945,34.099998474121094,35.810001373291016,0,39.45000076293945,-3.6399993896484375,-9.23,5.350002288818359
2020-05-21 00:00:00,35.810001373291016,35.810001373291016,32.58000183105469,32.9900016784668,0,35.810001373291016,-2.8199996948242188,-7.87,3.229999542236328
2020-05-22 00:00:00,32.9900016784668,34.36000061035156,26.34000015258789,32.380001068115234,0,32.9900016784668,-0.6100006103515625,-1.85,8.020000457763672
2020-05-26 00:00:00,32.380001068115234,33.209999084472656,30.969999313354492,31.469999313354492,0,32.380001068115234,-0.9100017547607422,-2.81,2.239999771118164
2020-05-27 00:00:00,31.469999313354492,32.02000045776367,28.860000610351562,31.270000457763672,0,31.469999313354492,-0.1999988555908203,-0.64,3.1599998474121094
2020-05-28 00:00:00,31.270000457763672,31.270000457763672,29.200000762939453,30.020000457763672,0,31.270000457763672,-1.25,-4.00,2.0699996948242188
2020-05-29 00:00:00,30.020000457763672,30.56999969482422,27.40999984741211,30.219999313354492,0,30.020000457763672,0.1999988555908203,0.67,3.1599998474121094
2020-06-01 00:00:00,30.219999313354492,32.16999816894531,28.829999923706055,30.739999771118164,0,30.219999313354492,0.5200004577636719,1.72,3.339998245239258
2020-06-02 00:00:00,30.739999771118164,30.920000076293945,27.899999618530273,30.1200008392334,0,30.739999771118164,-0.6199989318847656,-2.02,3.020000457763672
2020-06-03 00:00:00,30.1200008392334,30.399999618530273,29.34000015258789,30.040000915527344,0,30.1200008392334,-0.07999992370605469,-0.27,1.0599994659423828
2020-06-04 00:00:00,30.040000915527344,30.270000457763672,28.450000762939453,29.690000534057617,0,30.040000915527344,-0.35000038146972656,-1.17,1.8199996948242188
2020-06-05 00:00:00,29.690000534057617,29.690000534057617,25.920000076293945,28.68000030517578,0,29.690000534057617,-1.010000228881836,-3.40,3.770000457763672
2020-06-08 00:00:00,28.68000030517578,30.149999618530273,27.799999237060547,29.649999618530273,0,28.68000030517578,0.9699993133544922,3.38,2.3500003814697266
2020-06-09 00:00:00,29.649999618530273,30.34000015258789,27.239999771118164,30.209999084472656,0,29.649999618530273,0.5599994659423828,1.89,3.1000003814697266
2020-06-10 00:00:00,30.209999084472656,30.209999084472656,28.729999542236328,29.440000534057617,0,30.209999084472656,-0.7699985504150391,-2.55,1.4799995422363281
2020-06-11 00:00:00,29.440000534057617,30.420000076293945,28.389999389648438,29.65999984741211,0,29.440000534057617,0.2199993133544922,0.75,2.030000686645508
2020-06-12 00:00:00,29.65999984741211,32.880001068115234,29.65999984741211,30.81999969482422,0,29.65999984741211,1.1599998474121094,3.91,3.220001220703125
2020-06-15 00:00:00,30.81999969482422,33.779998779296875,29.920000076293945,32.58000183105469,0,30.81999969482422,1.7600021362304688,5.71,3.8599987030029297
2020-06-16 00:00:00,32.58000183105469,35.310001373291016,30.40999984741211,32.970001220703125,0,32.58000183105469,0.3899993896484375,1.20,4.900001525878906
2020-06-17 00:00:00,32.970001220703125,34.02000045776367,29.049999237060547,33.349998474121094,0,32.970001220703125,0.37999725341796875,1.15,4.970001220703125
2020-06-18 00:00:00,33.349998474121094,33.41999816894531,31.219999313354492,31.459999084472656,0,33.349998474121094,-1.8899993896484375,-5.67,2.1999988555908203
2020-06-19 00:00:00,31.459999084472656,31.90999984741211,29.68000030517578,29.969999313354492,0,31.459999084472656,-1.489999771118164,-4.74,2.229999542236328
2020-06-22 00:00:00,29.969999313354492,30.979999542236328,29.969999313354492,30.459999084472656,0,29.969999313354492,0.48999977111816406,1.63,1.010000228881836
2020-06-23 00:00:00,30.459999084472656,31.149999618530273,29.239999771118164,29.34000015258789,0,30.459999084472656,-1.1199989318847656,-3.68,1.9099998474121094
2020-06-24 00:00:00,29.34000015258789,30.530000686645508,27.790000915527344,29.579999923706055,0,29.34000015258789,0.23999977111816406,0.82,2.739999771118164
2020-06-25 00:00:00,29.579999923706055,31.290000915527344,29.059999465942383,29.729999542236328,0,29.579999923706055,0.14999961853027344,0.51,2.230001449584961
2020-06-26 00:00:00,29.729999542236328,30.06999969482422,28.31999969482422,28.739999771118164,0,29.729999542236328,-0.9899997711181641,-3.33,1.75
2020-06-29 00:00:00,28.739999771118164,30.450000762939453,27.979999542236328,28.90999984741211,0,28.739999771118164,0.1700000762939453,0.59,2.470001220703125
2020-06-30 00:00:00,28.90999984741211,29.6299991607666,28.40999984741211,29.1200008392334,0,28.90999984741211,0.21000099182128906,0.73,1.2199993133544922
2020-07-01 00:00:00,29.1200008392334,29.15999984741211,27.940000534057617,28.1200008392334,0,29.1200008392334,-1,-3.43,1.2199993133544922
2020-07-02 00:00:00,28.1200008392334,28.1200008392334,26.31999969482422,26.510000228881836,0,28.1200008392334,-1.6100006103515625,-5.73,1.8000011444091797
2020-07-03 00:00:00,26.510000228881836,26.780000686645508,25.6299991607666,25.770000457763672,0,26.510000228881836,-0.7399997711181641,-2.79,1.1500015258789062
2020-07-06 00:00:00,25.770000457763672,26.18000030517578,24.540000915527344,25.200000762939453,0,25.770000457763672,-0.5699996948242188,-2.21,1.6399993896484375
2020-07-07 00:00:00,25.200000762939453,25.649999618530273,24.239999771118164,25.100000381469727,0,25.200000762939453,-0.10000038146972656,-0.40,1.4099998474121094
2020-07-08 00:00:00,25.100000381469727,26.360000610351562,25.030000686645508,26.100000381469727,0,25.100000381469727,1,3.98,1.3299999237060547
2020-07-09 00:00:00,26.100000381469727,27.65999984741211,24.739999771118164,24.90999984741211,0,26.100000381469727,-1.1900005340576172,-4.56,2.9200000762939453
2020-07-10 00:00:00,24.90999984741211,25.479999542236328,23.489999771118164,24.940000534057617,0,24.90999984741211,0.030000686645507812,0.12,1.989999771118164
2020-07-13 00:00:00,24.940000534057617,25.90999984741211,22.809999465942383,25.25,0,24.940000534057617,0.3099994659423828,1.24,3.1000003814697266
2020-07-14 00:00:00,25.25,27.270000457763672,25.25,26.639999389648438,0,25.25,1.3899993896484375,5.50,2.020000457763672
2020-07-15 00:00:00,26.639999389648438,26.639999389648438,23.739999771118164,26.290000915527344,0,26.639999389648438,-0.34999847412109375,-1.31,2.8999996185302734
2020-07-16 00:00:00,26.290000915527344,26.600000381469727,25.25,25.360000610351562,0,26.290000915527344,-0.9300003051757812,-3.54,1.3500003814697266
2020-07-17 00:00:00,25.360000610351562,25.5,23.770000457763672,24.15999984741211,0,25.360000610351562,-1.2000007629394531,-4.73,1.7299995422363281
2020-07-20 00:00:00,24.15999984741211,25.1200008392334,24.15999984741211,24.709999084472656,0,24.15999984741211,0.5499992370605469,2.28,0.9600009918212891
2020-07-21 00:00:00,24.709999084472656,24.709999084472656,23.729999542236328,24.43000030517578,0,24.709999084472656,-0.279998779296875,-1.13,0.9799995422363281
2020-07-22 00:00:00,24.43000030517578,25.799999237060547,23.729999542236328,24.889999389648438,0,24.43000030517578,0.45999908447265625,1.88,2.0699996948242188
2020-07-23 00:00:00,24.889999389648438,24.940000534057617,24.010000228881836,24.639999389648438,0,24.889999389648438,-0.25,-1.00,0.9300003051757812
2020-07-24 00:00:00,24.639999389648438,25.299999237060547,22.739999771118164,24.540000915527344,0,24.639999389648438,-0.09999847412109375,-0.41,2.559999465942383
2020-07-27 00:00:00,24.540000915527344,25.719999313354492,23.290000915527344,25.020000457763672,0,24.540000915527344,0.4799995422363281,1.96,2.4299983978271484
2020-07-28 00:00:00,25.020000457763672,25.219999313354492,23.549999237060547,23.639999389648438,0,25.020000457763672,-1.3800010681152344,-5.52,1.6700000762939453
2020-07-29 00:00:00,23.639999389648438,24.5,23.639999389648438,24.110000610351562,0,23.639999389648438,0.470001220703125,1.99,0.8600006103515625
2020-07-30 00:00:00,24.110000610351562,25.139999389648438,22.09000015258789,24.729999542236328,0,24.110000610351562,0.6199989318847656,2.57,3.049999237060547
2020-07-31 00:00:00,24.729999542236328,25.3700008392334,23.969999313354492,24.190000534057617,0,24.729999542236328,-0.5399990081787109,-2.18,1.4000015258789062
2020-08-03 00:00:00,24.190000534057617,25.690000534057617,23.260000228881836,25.190000534057617,0,24.190000534057617,1,4.13,2.4300003051757812
2020-08-04 00:00:00,25.190000534057617,25.190000534057617,23.559999465942383,23.81999969482422,0,25.190000534057617,-1.3700008392333984,-5.44,1.6300010681152344
2020-08-05 00:00:00,23.81999969482422,23.93000030517578,21.829999923706055,23.56999969482422,0,23.81999969482422,-0.25,-1.05,2.1000003814697266
2020-08-06 00:00:00,23.56999969482422,23.709999084472656,22.530000686645508,23.149999618530273,0,23.56999969482422,-0.4200000762939453,-1.78,1.1799983978271484
2020-08-07 00:00:00,23.149999618530273,23.309999465942383,21.760000228881836,22.579999923706055,0,23.149999618530273,-0.5699996948242188,-2.46,1.5499992370605469
2020-08-10 00:00:00,22.579999923706055,23.020000457763672,21.450000762939453,22.510000228881836,0,22.579999923706055,-0.06999969482421875,-0.31,1.5699996948242188
2020-08-11 00:00:00,22.510000228881836,22.510000228881836,20.219999313354492,21.360000610351562,0,22.510000228881836,-1.1499996185302734,-5.11,2.2900009155273438
2020-08-12 00:00:00,21.360000610351562,21.920000076293945,16.850000381469727,20.850000381469727,0,21.360000610351562,-0.5100002288818359,-2.39,5.069999694824219
2020-08-13 00:00:00,20.850000381469727,21.190000534057617,19.459999084472656,20.56999969482422,0,20.850000381469727,-0.2800006866455078,-1.34,1.730001449584961
2020-08-14 00:00:00,20.56999969482422,22.969999313354492,16.34000015258789,21.670000076293945,0,20.56999969482422,1.1000003814697266,5.35,6.629999160766602
2020-08-17 00:00:00,21.670000076293945,22.8799991607666,19.559999465942383,21.309999465942383,0,21.670000076293945,-0.3600006103515625,-1.66,3.3199996948242188
2020-08-18 00:00:00,21.309999465942383,21.309999465942383,18.25,20.43000030517578,0,21.309999465942383,-0.8799991607666016,-4.13,3.059999465942383
2020-08-19 00:00:00,20.43000030517578,20.43000030517578,17.84000015258789,19.959999084472656,0,20.43000030517578,-0.470001220703125,-2.30,2.5900001525878906
2020-08-20 00:00:00,19.959999084472656,21.079999923706055,17.65999984741211,20.6200008392334,0,19.959999084472656,0.6600017547607422,3.31,3.4200000762939453
2020-08-21 00:00:00,20.6200008392334,20.6200008392334,14.890000343322754,19.940000534057617,0,20.6200008392334,-0.6800003051757812,-3.30,5.7300004959106445
2020-08-24 00:00:00,19.940000534057617,20.06999969482422,17.889999389648438,19.229999542236328,0,19.940000534057617,-0.7100009918212891,-3.56,2.1800003051757812
2020-08-25 00:00:00,19.229999542236328,19.809999465942383,15.420000076293945,19.31999969482422,0,19.229999542236328,0.09000015258789062,0.47,4.3899993896484375
2020-08-26 00:00:00,19.31999969482422,19.59000015258789,17.219999313354492,19.299999237060547,0,19.31999969482422,-0.020000457763671875,-0.10,2.3700008392333984
2020-08-27 00:00:00,19.299999237060547,19.469999313354492,17.450000762939453,18.899999618530273,0,19.299999237060547,-0.39999961853027344,-2.07,2.019998550415039
2020-08-28 00:00:00,18.899999618530273,18.899999618530273,16.65999984741211,18.350000381469727,0,18.899999618530273,-0.5499992370605469,-2.91,2.239999771118164
2020-08-31 00:00:00,18.350000381469727,23.8700008392334,16.399999618530273,22.84000015258789,0,18.350000381469727,4.489999771118164,24.47,7.470001220703125
2020-09-01 00:00:00,22.84000015258789,23.239999771118164,21.110000610351562,21.799999237060547,0,22.84000015258789,-1.0400009155273438,-4.55,2.1299991607666016
2020-09-02 00:00:00,21.799999237060547,22.5,19.850000381469727,21.110000610351562,0,21.799999237060547,-0.6899986267089844,-3.17,2.6499996185302734
2020-09-03 00:00:00,21.110000610351562,21.110000610351562,18.15999984741211,20.5,0,21.110000610351562,-0.6100006103515625,-2.89,2.950000762939453
2020-09-04 00:00:00,20.5,22.649999618530273,19.860000610351562,22.149999618530273,0,20.5,1.6499996185302734,8.05,2.789999008178711
2020-09-07 00:00:00,22.149999618530273,23.25,17.25,22.010000228881836,0,22.149999618530273,-0.1399993896484375,-0.63,6
2020-09-08 00:00:00,22.010000228881836,23.06999969482422,17.56999969482422,22.719999313354492,0,22.010000228881836,0.7099990844726562,3.23,5.5
2020-09-09 00:00:00,22.719999313354492,23.270000457763672,20.200000762939453,22.229999542236328,0,22.719999313354492,-0.48999977111816406,-2.16,3.0699996948242188
2020-09-10 00:00:00,22.229999542236328,22.229999542236328,17.700000762939453,21.260000228881836,0,22.229999542236328,-0.9699993133544922,-4.36,4.529998779296875
2020-09-11 00:00:00,21.260000228881836,21.350000381469727,18.170000076293945,20.709999084472656,0,21.260000228881836,-0.5500011444091797,-2.59,3.1800003051757812
2020-09-14 00:00:00,20.709999084472656,21.739999771118164,17.530000686645508,21.190000534057617,0,20.709999084472656,0.48000144958496094,2.32,4.209999084472656
2020-09-15 00:00:00,21.190000534057617,21.190000534057617,18.899999618530273,20.600000381469727,0,21.190000534057617,-0.5900001525878906,-2.78,2.2900009155273438
2020-09-16 00:00:00,20.600000381469727,20.600000381469727,16.329999923706055,19.65999984741211,0,20.600000381469727,-0.9400005340576172,-4.56,4.270000457763672
2020-09-17 00:00:00,19.65999984741211,20.68000030517578,17.549999237060547,20.100000381469727,0,19.65999984741211,0.4400005340576172,2.24,3.1300010681152344
2020-09-18 00:00:00,20.100000381469727,20.770000457763672,17.579999923706055,20.049999237060547,0,20.100000381469727,-0.05000114440917969,-0.25,3.190000534057617
2020-09-21 00:00:00,20.049999237060547,22.989999771118164,18.270000457763672,22.190000534057617,0,20.049999237060547,2.1400012969970703,10.67,4.719999313354492
2020-09-22 00:00:00,22.190000534057617,23.280000686645508,15.760000228881836,21.40999984741211,0,22.190000534057617,-0.7800006866455078,-3.52,7.520000457763672
2020-09-23 00:00:00,21.40999984741211,22.479999542236328,19.3700008392334,20.989999771118164,0,21.40999984741211,-0.4200000762939453,-1.96,3.1099987030029297
2020-09-24 00:00:00,20.989999771118164,23.81999969482422,20.93000030517578,23.510000228881836,0,20.989999771118164,2.520000457763672,12.01,2.8899993896484375
2020-09-25 00:00:00,23.510000228881836,23.510000228881836,18.670000076293945,20.68000030517578,0,23.510000228881836,-2.8299999237060547,-12.04,4.840000152587891
2020-09-28 00:00:00,20.68000030517578,21.100000381469727,19.350000381469727,19.56999969482422,0,20.68000030517578,-1.1100006103515625,-5.37,1.75
2020-09-29 00:00:00,19.56999969482422,20.200000762939453,18.43000030517578,19.770000457763672,0,19.56999969482422,0.20000076293945312,1.02,1.7700004577636719
2020-09-30 00:00:00,19.770000457763672,20.219999313354492,17.68000030517578,19.530000686645508,0,19.770000457763672,-0.23999977111816406,-1.21,2.539999008178711
2020-10-01 00:00:00,19.530000686645508,19.530000686645508,17.3799991607666,18.350000381469727,0,19.530000686645508,-1.1800003051757812,-6.04,2.1500015258789062
2020-10-05 00:00:00,18.350000381469727,20.020000457763672,18.350000381469727,19.700000762939453,0,18.350000381469727,1.3500003814697266,7.36,1.6700000762939453
2020-10-06 00:00:00,19.700000762939453,19.889999389648438,18.360000610351562,19.639999389648438,0,19.700000762939453,-0.060001373291015625,-0.30,1.529998779296875
2020-10-07 00:00:00,19.639999389648438,20.34000015258789,19.06999969482422,20.059999465942383,0,19.639999389648438,0.4200000762939453,2.14,1.2700004577636719
2020-10-08 00:00:00,20.059999465942383,20.860000610351562,18.979999542236328,20.3799991607666,0,20.059999465942383,0.31999969482421875,1.60,1.8800010681152344
2020-10-09 00:00:00,20.3799991607666,21.010000228881836,17.510000228881836,20.3799991607666,0,20.3799991607666,0,0.00,3.5
2020-10-12 00:00:00,20.3799991607666,22.100000381469727,19.389999389648438,21.1299991607666,0,20.3799991607666,0.75,3.68,2.710000991821289
2020-10-13 00:00:00,21.1299991607666,21.649999618530273,20.530000686645508,20.719999313354492,0,21.1299991607666,-0.4099998474121094,-1.94,1.1199989318847656
2020-10-14 00:00:00,20.719999313354492,20.959999084472656,18.43000030517578,20.209999084472656,0,20.719999313354492,-0.5100002288818359,-2.46,2.529998779296875
2020-10-15 00:00:00,20.209999084472656,22.280000686645508,19.040000915527344,22.059999465942383,0,20.209999084472656,1.8500003814697266,9.15,3.239999771118164
2020-10-16 00:00:00,22.059999465942383,22.420000076293945,20.489999771118164,21.649999618530273,0,22.059999465942383,-0.4099998474121094,-1.86,1.9300003051757812
2020-10-19 00:00:00,21.649999618530273,22.31999969482422,15.470000267028809,21.81999969482422,0,21.649999618530273,0.1700000762939453,0.79,6.84999942779541
2020-10-20 00:00:00,21.81999969482422,22.790000915527344,18.790000915527344,22.690000534057617,0,21.81999969482422,0.8700008392333984,3.99,4
2020-10-21 00:00:00,22.690000534057617,23.549999237060547,18.3799991607666,22.920000076293945,0,22.690000534057617,0.22999954223632812,1.01,5.170000076293945
2020-10-22 00:00:00,22.920000076293945,23.520000457763672,17.440000534057617,22.639999389648438,0,22.920000076293945,-0.2800006866455078,-1.22,6.079999923706055
2020-10-23 00:00:00,22.639999389648438,22.780000686645508,19.829999923706055,21.829999923706055,0,22.639999389648438,-0.8099994659423828,-3.58,2.950000762939453
2020-10-26 00:00:00,21.829999923706055,23.40999984741211,21.31999969482422,22.829999923706055,0,21.829999923706055,1,4.58,2.0900001525878906
2020-10-27 00:00:00,22.829999923706055,23.170000076293945,22.1200008392334,22.200000762939453,0,22.829999923706055,-0.6299991607666016,-2.76,1.0499992370605469
2020-10-28 00:00:00,22.200000762939453,23.469999313354492,20.079999923706055,23.280000686645508,0,22.200000762939453,1.0799999237060547,4.86,3.3899993896484375
2020-10-29 00:00:00,23.280000686645508,24.360000610351562,22.280000686645508,24.020000457763672,0,23.280000686645508,0.7399997711181641,3.18,2.0799999237060547
2020-10-30 00:00:00,24.020000457763672,26.299999237060547,21.729999542236328,24.75,0,24.020000457763672,0.7299995422363281,3.04,4.569999694824219
2020-11-02 00:00:00,24.75,25.920000076293945,24.219999313354492,25.209999084472656,0,24.75,0.45999908447265625,1.86,1.7000007629394531
2020-11-03 00:00:00,25.209999084472656,25.329999923706055,22.920000076293945,24.239999771118164,0,25.209999084472656,-0.9699993133544922,-3.85,2.4099998474121094
2020-11-04 00:00:00,24.239999771118164,24.239999771118164,20.670000076293945,23.200000762939453,0,24.239999771118164,-1.039999008178711,-4.29,3.5699996948242188
2020-11-05 00:00:00,23.200000762939453,23.200000762939453,19.989999771118164,20.969999313354492,0,23.200000762939453,-2.230001449584961,-9.61,3.210000991821289
2020-11-06 00:00:00,20.969999313354492,20.969999313354492,19.280000686645508,20.5,0,20.969999313354492,-0.4699993133544922,-2.24,1.6899986267089844
2020-11-09 00:00:00,20.5,21.049999237060547,17.579999923706055,20.110000610351562,0,20.5,-0.3899993896484375,-1.90,3.469999313354492
2020-11-10 00:00:00,20.110000610351562,21.850000381469727,19.899999618530273,21.579999923706055,0,20.110000610351562,1.4699993133544922,7.31,1.9500007629394531
2020-11-11 00:00:00,21.579999923706055,22.3799991607666,19,22.030000686645508,0,21.579999923706055,0.4500007629394531,2.09,3.3799991607666016
2020-11-12 00:00:00,22.030000686645508,22.030000686645508,19.790000915527344,20.6200008392334,0,22.030000686645508,-1.4099998474121094,-6.40,2.239999771118164
2020-11-13 00:00:00,20.6200008392334,29.530000686645508,19.559999465942383,19.700000762939453,0,20.6200008392334,-0.9200000762939453,-4.46,9.970001220703125
2020-11-17 00:00:00,19.1299991607666,20.40999984741211,18.399999618530273,19.799999237060547,0,19.700000762939453,0.09999847412109375,0.51,2.010000228881836
2020-11-18 00:00:00,19.799999237060547,19.799999237060547,15.720000267028809,19.1200008392334,0,19.799999237060547,-0.6799983978271484,-3.43,4.079998970031738
2020-11-19 00:00:00,19.1200008392334,19.979999542236328,16.329999923706055,19.56999969482422,0,19.1200008392334,0.4499988555908203,2.35,3.6499996185302734
2020-11-20 00:00:00,19.56999969482422,19.809999465942383,17,19.6200008392334,0,19.56999969482422,0.05000114440917969,0.26,2.809999465942383
2020-11-23 00:00:00,19.6200008392334,20.860000610351562,16.90999984741211,20.799999237060547,0,19.6200008392334,1.1799983978271484,6.01,3.950000762939453
2020-11-24 00:00:00,20.799999237060547,22,20.020000457763672,21.059999465942383,0,20.799999237060547,0.26000022888183594,1.25,1.9799995422363281
2020-11-25 00:00:00,21.059999465942383,23.5,20.68000030517578,23.1299991607666,0,21.059999465942383,2.0699996948242188,9.83,2.8199996948242188
2020-11-26 00:00:00,23.1299991607666,23.1299991607666,19.440000534057617,20.020000457763672,0,23.1299991607666,-3.1099987030029297,-13.45,3.6899986267089844
2020-11-27 00:00:00,20.020000457763672,21.280000686645508,17.6299991607666,19.81999969482422,0,20.020000457763672,-0.20000076293945312,-1.00,3.6500015258789062
2020-12-01 00:00:00,19.81999969482422,21.239999771118164,19.25,20.18000030517578,0,19.81999969482422,0.3600006103515625,1.82,1.989999771118164
2020-12-02 00:00:00,20.18000030517578,20.549999237060547,17.959999084472656,19.90999984741211,0,20.18000030517578,-0.2700004577636719,-1.34,2.5900001525878906
2020-12-03 00:00:00,19.90999984741211,19.90999984741211,17.719999313354492,19,0,19.90999984741211,-0.9099998474121094,-4.57,2.190000534057617
2020-12-04 00:00:00,19,19.040000915527344,16.530000686645508,18.030000686645508,0,19,-0.9699993133544922,-5.11,2.510000228881836
2020-12-07 00:00:00,18.030000686645508,18.31999969482422,16.950000762939453,18.020000457763672,0,18.030000686645508,-0.010000228881835938,-0.06,1.3699989318847656
2020-12-08 00:00:00,18.020000457763672,18.799999237060547,16.270000457763672,18.6200008392334,0,18.020000457763672,0.6000003814697266,3.33,2.529998779296875
2020-12-09 00:00:00,18.6200008392334,19.6299991607666,16.219999313354492,18.920000076293945,0,18.6200008392334,0.2999992370605469,1.61,3.4099998474121094
2020-12-10 00:00:00,18.920000076293945,19.389999389648438,17.420000076293945,18.709999084472656,0,18.920000076293945,-0.21000099182128906,-1.11,1.9699993133544922
2020-12-11 00:00:00,18.709999084472656,19.290000915527344,17.360000610351562,18.790000915527344,0,18.709999084472656,0.0800018310546875,0.43,1.9300003051757812
2020-12-14 00:00:00,18.790000915527344,19.639999389648438,15.329999923706055,19.399999618530273,0,18.790000915527344,0.6099987030029297,3.25,4.309999465942383
2020-12-15 00:00:00,19.399999618530273,19.829999923706055,15.6899995803833,19.350000381469727,0,19.399999618530273,-0.049999237060546875,-0.26,4.140000343322754
2020-12-16 00:00:00,19.350000381469727,19.399999618530273,18.610000610351562,19.200000762939453,0,19.350000381469727,-0.14999961853027344,-0.78,0.7899990081787109
2020-12-17 00:00:00,19.200000762939453,21.6200008392334,14.050000190734863,19.15999984741211,0,19.200000762939453,-0.04000091552734375,-0.21,7.570000648498535
2020-12-18 00:00:00,19.15999984741211,19.489999771118164,14.5600004196167,18.6200008392334,0,19.15999984741211,-0.5399990081787109,-2.82,4.929999351501465
2020-12-21 00:00:00,18.6200008392334,23.68000030517578,18.6200008392334,23.190000534057617,0,18.6200008392334,4.569999694824219,24.54,5.059999465942383
2020-12-22 00:00:00,23.190000534057617,24.479999542236328,16.59000015258789,21.989999771118164,0,23.190000534057617,-1.2000007629394531,-5.17,7.8899993896484375
2020-12-23 00:00:00,21.989999771118164,22.079999923706055,19.399999618530273,20.5,0,21.989999771118164,-1.489999771118164,-6.78,2.6800003051757812
2020-12-24 00:00:00,20.5,20.950000762939453,15.649999618530273,19.969999313354492,0,20.5,-0.5300006866455078,-2.59,5.30000114440918
2020-12-28 00:00:00,19.969999313354492,21.020000457763672,18.600000381469727,20.43000030517578,0,19.969999313354492,0.46000099182128906,2.30,2.4200000762939453
2020-12-29 00:00:00,20.43000030517578,21.209999084472656,17.6299991607666,20.790000915527344,0,20.43000030517578,0.3600006103515625,1.76,3.5799999237060547
2020-12-30 00:00:00,20.790000915527344,21.59000015258789,20.790000915527344,21.110000610351562,0,20.790000915527344,0.31999969482421875,1.54,0.7999992370605469
2020-12-31 00:00:00,21.110000610351562,21.510000228881836,19.190000534057617,21.100000381469727,0,21.110000610351562,-0.010000228881835938,-0.05,2.3199996948242188
2021-01-04 00:00:00,19.559999465942383,21.030000686645508,19.34000015258789,20.030000686645508,0,21.100000381469727,-1.0699996948242188,-5.07,1.6900005340576172
2021-01-05 00:00:00,20.030000686645508,21.010000228881836,20.030000686645508,20.459999084472656,0,20.030000686645508,0.42999839782714844,2.15,0.9799995422363281
2021-01-06 00:00:00,20.459999084472656,21.6299991607666,20.43000030517578,21,0,20.459999084472656,0.5400009155273438,2.64,1.1999988555908203
2021-01-07 00:00:00,21,21,20.139999389648438,20.6200008392334,0,21,-0.37999916076660156,-1.81,0.8600006103515625
2021-01-08 00:00:00,20.6200008392334,20.850000381469727,17.3799991607666,20.639999389648438,0,20.6200008392334,0.019998550415039062,0.10,3.470001220703125
2021-01-11 00:00:00,20.639999389648438,22.75,20.639999389648438,22.3799991607666,0,20.639999389648438,1.739999771118164,8.43,2.1100006103515625
2021-01-12 00:00:00,22.3799991607666,23.260000228881836,22.290000915527344,22.850000381469727,0,22.3799991607666,0.470001220703125,2.10,0.9699993133544922
2021-01-13 00:00:00,22.850000381469727,24.049999237060547,22.3700008392334,23.290000915527344,0,22.850000381469727,0.4400005340576172,1.93,1.6799983978271484
2021-01-14 00:00:00,23.290000915527344,23.700000762939453,22.809999465942383,23.030000686645508,0,23.290000915527344,-0.26000022888183594,-1.12,0.8900012969970703
2021-01-15 00:00:00,23.030000686645508,24.68000030517578,23.030000686645508,24.010000228881836,0,23.030000686645508,0.9799995422363281,4.26,1.6499996185302734
2021-01-18 00:00:00,24.010000228881836,25.40999984741211,23.56999969482422,24.399999618530273,0,24.010000228881836,0.3899993896484375,1.62,1.8400001525878906
2021-01-19 00:00:00,24.399999618530273,24.399999618530273,20.360000610351562,22.899999618530273,0,24.399999618530273,-1.5,-6.15,4.039999008178711
2021-01-20 00:00:00,22.899999618530273,23.190000534057617,19.329999923706055,21.549999237060547,0,22.899999618530273,-1.3500003814697266,-5.90,3.8600006103515625
2021-01-21 00:00:00,21.549999237060547,22.780000686645508,18.6200008392334,22.18000030517578,0,21.549999237060547,0.6300010681152344,2.92,4.159999847412109
2021-01-25 00:00:00,22.420000076293945,23.809999465942383,20.34000015258789,23.25,0,22.18000030517578,1.0699996948242188,4.82,3.469999313354492
2021-01-27 00:00:00,23.25,24.75,20.829999923706055,24.389999389648438,0,23.25,1.1399993896484375,4.90,3.9200000762939453
2021-01-28 00:00:00,24.389999389648438,25.299999237060547,23.440000534057617,24.290000915527344,0,24.389999389648438,-0.09999847412109375,-0.41,1.8599987030029297
2021-01-29 00:00:00,24.290000915527344,25.989999771118164,22.079999923706055,25.34000015258789,0,24.290000915527344,1.0499992370605469,4.32,3.9099998474121094
2021-02-01 00:00:00,25.34000015258789,25.93000030517578,22.600000381469727,23.31999969482422,0,25.34000015258789,-2.020000457763672,-7.97,3.3299999237060547
2021-02-02 00:00:00,23.31999969482422,23.610000610351562,21,23.350000381469727,0,23.31999969482422,0.030000686645507812,0.13,2.6100006103515625
2021-02-03 00:00:00,23.350000381469727,24.200000762939453,20.950000762939453,23.75,0,23.350000381469727,0.39999961853027344,1.71,3.25
2021-02-04 00:00:00,23.75,23.93000030517578,22.09000015258789,23.1200008392334,0,23.75,-0.6299991607666016,-2.65,1.8400001525878906
2021-02-05 00:00:00,23.1200008392334,23.940000534057617,20.079999923706055,23.420000076293945,0,23.1200008392334,0.2999992370605469,1.30,3.8600006103515625
2021-02-08 00:00:00,23.420000076293945,24.350000381469727,22.18000030517578,23.959999084472656,0,23.420000076293945,0.5399990081787109,2.31,2.1700000762939453
2021-02-09 00:00:00,23.959999084472656,24.469999313354492,21.43000030517578,24.270000457763672,0,23.959999084472656,0.3100013732910156,1.29,3.039999008178711
2021-02-10 00:00:00,24.270000457763672,24.959999084472656,20.90999984741211,23.950000762939453,0,24.270000457763672,-0.31999969482421875,-1.32,4.049999237060547
2021-02-11 00:00:00,23.950000762939453,24.219999313354492,21.020000457763672,23.049999237060547,0,23.950000762939453,-0.9000015258789062,-3.76,3.1999988555908203
2021-02-12 00:00:00,23.049999237060547,23.06999969482422,20.889999389648438,22.040000915527344,0,23.049999237060547,-1.0099983215332031,-4.38,2.1800003051757812
2021-02-16 00:00:00,21.479999542236328,22.1200008392334,20.540000915527344,21.780000686645508,0,22.040000915527344,-0.26000022888183594,-1.18,1.5799999237060547
2021-02-18 00:00:00,21.510000228881836,22.09000015258789,19.959999084472656,21.540000915527344,0,21.780000686645508,-0.23999977111816406,-1.10,2.1300010681152344
2021-02-19 00:00:00,21.540000915527344,22.8700008392334,19.350000381469727,22.25,0,21.540000915527344,0.7099990844726562,3.30,3.520000457763672
2021-02-22 00:00:00,22.25,25.81999969482422,20.020000457763672,25.469999313354492,0,22.25,3.219999313354492,14.47,5.799999237060547
2021-02-23 00:00:00,25.469999313354492,25.639999389648438,23.860000610351562,25.229999542236328,0,25.469999313354492,-0.23999977111816406,-0.94,1.779998779296875
2021-02-24 00:00:00,25.229999542236328,25.229999542236328,23.479999542236328,24.170000076293945,0,25.229999542236328,-1.0599994659423828,-4.20,1.75
2021-02-25 00:00:00,24.170000076293945,24.170000076293945,22.6299991607666,22.889999389648438,0,24.170000076293945,-1.2800006866455078,-5.30,1.5400009155273438
2021-02-26 00:00:00,22.889999389648438,29.649999618530273,22.889999389648438,28.139999389648438,0,22.889999389648438,5.25,22.94,6.760000228881836
2021-03-01 00:00:00,28.139999389648438,28.139999389648438,24.950000762939453,25.6299991607666,0,28.139999389648438,-2.510000228881836,-8.92,3.1899986267089844
2021-03-02 00:00:00,25.6299991607666,25.6299991607666,23.209999084472656,23.610000610351562,0,25.6299991607666,-2.019998550415039,-7.88,2.4200000762939453
2021-03-03 00:00:00,23.610000610351562,23.610000610351562,21.81999969482422,22.09000015258789,0,23.610000610351562,-1.5200004577636719,-6.44,1.7900009155273438
2021-03-04 00:00:00,22.09000015258789,24.579999923706055,22.09000015258789,24.149999618530273,0,22.09000015258789,2.059999465942383,9.33,2.489999771118164
2021-03-05 00:00:00,24.149999618530273,26.40999984741211,22.860000610351562,25.559999465942383,0,24.149999618530273,1.4099998474121094,5.84,3.549999237060547
2021-03-08 00:00:00,25.559999465942383,25.649999618530273,21.200000762939453,24.68000030517578,0,25.559999465942383,-0.8799991607666016,-3.44,4.44999885559082
2021-03-09 00:00:00,24.68000030517578,24.68000030517578,21.440000534057617,22.5,0,24.68000030517578,-2.1800003051757812,-8.83,3.239999771118164
2021-03-10 00:00:00,22.5,22.5,19.31999969482422,20.75,0,22.5,-1.75,-7.78,3.1800003051757812
2021-03-12 00:00:00,20.75,22.670000076293945,18.540000915527344,21.709999084472656,0,20.75,0.9599990844726562,4.63,4.129999160766602
2021-03-15 00:00:00,21.709999084472656,22.93000030517578,21,21.229999542236328,0,21.709999084472656,-0.4799995422363281,-2.21,1.9300003051757812
2021-03-16 00:00:00,21.229999542236328,21.229999542236328,18.059999465942383,20.190000534057617,0,21.229999542236328,-1.039999008178711,-4.90,3.1700000762939453
2021-03-17 00:00:00,20.190000534057617,20.420000076293945,18.6200008392334,20.15999984741211,0,20.190000534057617,-0.030000686645507812,-0.15,1.7999992370605469
2021-03-18 00:00:00,20.15999984741211,20.950000762939453,16.68000030517578,20.079999923706055,0,20.15999984741211,-0.07999992370605469,-0.40,4.270000457763672
2021-03-19 00:00:00,20.079999923706055,21.8700008392334,18.729999542236328,19.989999771118164,0,20.079999923706055,-0.09000015258789062,-0.45,3.1400012969970703
2021-03-22 00:00:00,19.989999771118164,21.229999542236328,18.969999313354492,20.489999771118164,0,19.989999771118164,0.5,2.50,2.260000228881836
2021-03-23 00:00:00,20.489999771118164,22.139999389648438,20.489999771118164,20.670000076293945,0,20.489999771118164,0.18000030517578125,0.88,1.6499996185302734
2021-03-24 00:00:00,20.670000076293945,22.690000534057617,19.75,22.459999084472656,0,20.670000076293945,1.789999008178711,8.66,2.940000534057617
2021-03-25 00:00:00,22.459999084472656,23.309999465942383,21.1200008392334,22.700000762939453,0,22.459999084472656,0.24000167846679688,1.07,2.1899986267089844
2021-03-26 00:00:00,22.700000762939453,22.920000076293945,18.229999542236328,20.649999618530273,0,22.700000762939453,-2.0500011444091797,-9.03,4.690000534057617
2021-03-30 00:00:00,20.649999618530273,20.649999618530273,19.56999969482422,20.489999771118164,0,20.649999618530273,-0.15999984741210938,-0.77,1.0799999237060547
2021-03-31 00:00:00,20.489999771118164,20.829999923706055,20,20.649999618530273,0,20.489999771118164,0.15999984741210938,0.78,0.8299999237060547
2021-04-01 00:00:00,20.649999618530273,20.68000030517578,19.729999542236328,19.989999771118164,0,20.649999618530273,-0.6599998474121094,-3.20,0.9500007629394531
2021-04-05 00:00:00,19.989999771118164,23.309999465942383,19.989999771118164,21.219999313354492,0,19.989999771118164,1.2299995422363281,6.15,3.3199996948242188
2021-04-06 00:00:00,21.219999313354492,22.239999771118164,19.809999465942383,20.84000015258789,0,21.219999313354492,-0.37999916076660156,-1.79,2.4300003051757812
2021-04-07 00:00:00,20.84000015258789,21.299999237060547,19.43000030517578,20.25,0,20.84000015258789,-0.5900001525878906,-2.83,1.8699989318847656
2021-04-08 00:00:00,20.25,20.59000015258789,19.170000076293945,20.309999465942383,0,20.25,0.05999946594238281,0.30,1.4200000762939453
2021-04-09 00:00:00,20.309999465942383,20.969999313354492,19.68000030517578,19.790000915527344,0,20.309999465942383,-0.5199985504150391,-2.56,1.289999008178711
2021-04-12 00:00:00,19.790000915527344,23.299999237060547,19.790000915527344,23,0,19.790000915527344,3.2099990844726562,16.22,3.509998321533203
2021-04-13 00:00:00,23,23,20.299999237060547,20.459999084472656,0,23,-2.5400009155273438,-11.04,2.700000762939453
2021-04-15 00:00:00,20.459999084472656,21.549999237060547,18.25,20.889999389648438,0,20.459999084472656,0.43000030517578125,2.10,3.299999237060547
2021-04-16 00:00:00,20.889999389648438,21.09000015258789,19.479999542236328,20.399999618530273,0,20.889999389648438,-0.48999977111816406,-2.35,1.6100006103515625
2021-04-19 00:00:00,20.399999618530273,23.110000610351562,19.809999465942383,22.489999771118164,0,20.399999618530273,2.0900001525878906,10.25,3.3000011444091797
2021-04-20 00:00:00,22.489999771118164,22.75,21.239999771118164,22.43000030517578,0,22.489999771118164,-0.05999946594238281,-0.27,1.510000228881836
2021-04-22 00:00:00,22.43000030517578,23.610000610351562,22.43000030517578,23.030000686645508,0,22.43000030517578,0.6000003814697266,2.67,1.1800003051757812
2021-04-23 00:00:00,23.030000686645508,23.049999237060547,20.209999084472656,22.690000534057617,0,23.030000686645508,-0.3400001525878906,-1.48,2.8400001525878906
2021-04-26 00:00:00,22.690000534057617,23.559999465942383,22.6200008392334,23.5,0,22.690000534057617,0.8099994659423828,3.57,0.9399986267089844
2021-04-27 00:00:00,23.5,23.6299991607666,22.31999969482422,23.079999923706055,0,23.5,-0.4200000762939453,-1.79,1.3099994659423828
2021-04-28 00:00:00,23.079999923706055,23.110000610351562,20.969999313354492,22.579999923706055,0,23.079999923706055,-0.5,-2.17,2.1400012969970703
2021-04-29 00:00:00,22.579999923706055,23.420000076293945,22.110000610351562,23.309999465942383,0,22.579999923706055,0.7299995422363281,3.23,1.3099994659423828
2021-04-30 00:00:00,23.309999465942383,23.770000457763672,22.600000381469727,23.030000686645508,0,23.309999465942383,-0.279998779296875,-1.20,1.1700000762939453
2021-05-03 00:00:00,23.030000686645508,24.540000915527344,21.84000015258789,23.690000534057617,0,23.030000686645508,0.6599998474121094,2.87,2.700000762939453
2021-05-04 00:00:00,23.690000534057617,23.690000534057617,22.18000030517578,23.010000228881836,0,23.690000534057617,-0.6800003051757812,-2.87,1.510000228881836
2021-05-06 00:00:00,21.959999084472656,22.610000610351562,20.1200008392334,22.040000915527344,0,23.010000228881836,-0.9699993133544922,-4.22,2.489999771118164
2021-05-07 00:00:00,22.040000915527344,22.040000915527344,20.309999465942383,20.81999969482422,0,22.040000915527344,-1.220001220703125,-5.54,1.730001449584961
2021-05-10 00:00:00,20.81999969482422,21.149999618530273,20.139999389648438,20.229999542236328,0,20.81999969482422,-0.5900001525878906,-2.83,1.010000228881836
2021-05-12 00:00:00,19.829999923706055,20.90999984741211,18.360000610351562,20.079999923706055,0,20.229999542236328,-0.14999961853027344,-0.74,2.549999237060547
2021-05-14 00:00:00,20.079999923706055,21.149999618530273,18.229999542236328,20.270000457763672,0,20.079999923706055,0.1900005340576172,0.95,2.9200000762939453
2021-05-17 00:00:00,20.270000457763672,20.43000030517578,18.360000610351562,19.610000610351562,0,20.270000457763672,-0.6599998474121094,-3.26,2.0699996948242188
2021-05-18 00:00:00,19.610000610351562,19.610000610351562,18.309999465942383,19.239999771118164,0,19.610000610351562,-0.37000083923339844,-1.89,1.3000011444091797
2021-05-19 00:00:00,19.239999771118164,19.56999969482422,17.229999542236328,19.31999969482422,0,19.239999771118164,0.07999992370605469,0.42,2.3400001525878906
2021-05-21 00:00:00,19.649999618530273,19.649999618530273,17.1299991607666,19.079999923706055,0,19.31999969482422,-0.23999977111816406,-1.24,2.520000457763672
2021-05-24 00:00:00,19.079999923706055,19.889999389648438,18.719999313354492,19.1299991607666,0,19.079999923706055,0.049999237060546875,0.26,1.1700000762939453
2021-05-26 00:00:00,18.84000015258789,21.299999237060547,17.229999542236328,20.8700008392334,0,19.1299991607666,1.7400016784667969,9.10,4.069999694824219
2021-05-27 00:00:00,20.8700008392334,21.31999969482422,18.350000381469727,19.90999984741211,0,20.8700008392334,-0.9600009918212891,-4.60,2.969999313354492
2021-05-28 00:00:00,19.90999984741211,19.90999984741211,17.360000610351562,17.399999618530273,0,19.90999984741211,-2.510000228881836,-12.61,2.549999237060547
2021-06-01 00:00:00,16.889999389648438,17.959999084472656,15.3100004196167,17.389999389648438,0,17.399999618530273,-0.010000228881835938,-0.06,2.649998664855957
2021-06-02 00:00:00,17.389999389648438,17.649999618530273,15.170000076293945,17.209999084472656,0,17.389999389648438,-0.18000030517578125,-1.04,2.479999542236328
2021-06-03 00:00:00,17.209999084472656,17.209999084472656,14.149999618530273,15.75,0,17.209999084472656,-1.4599990844726562,-8.48,3.059999465942383
2021-06-04 00:00:00,15.75,16.3799991607666,14.9399995803833,15.9399995803833,0,15.75,0.18999958038330078,1.21,1.4399995803833008
2021-06-07 00:00:00,15.9399995803833,15.9399995803833,14.739999771118164,15.569999694824219,0,15.9399995803833,-0.36999988555908203,-2.32,1.1999998092651367
2021-06-08 00:00:00,15.569999694824219,15.600000381469727,13.569999694824219,15.229999542236328,0,15.569999694824219,-0.3400001525878906,-2.18,2.030000686645508
2021-06-09 00:00:00,15.229999542236328,15.739999771118164,11.949999809265137,14.75,0,15.229999542236328,-0.4799995422363281,-3.15,3.7899999618530273
2021-06-10 00:00:00,14.75,15.199999809265137,14.180000305175781,15,0,14.75,0.25,1.69,1.0199995040893555
2021-06-11 00:00:00,15,15,13.9399995803833,14.100000381469727,0,15,-0.8999996185302734,-6.00,1.0600004196166992
2021-06-14 00:00:00,14.100000381469727,15.3100004196167,13.739999771118164,14.720000267028809,0,14.100000381469727,0.619999885559082,4.40,1.5700006484985352
2021-06-15 00:00:00,14.720000267028809,15.15999984741211,13.279999732971191,14.609999656677246,0,14.720000267028809,-0.1100006103515625,-0.75,1.880000114440918
2021-06-16 00:00:00,14.609999656677246,15.319999694824219,13.619999885559082,14.869999885559082,0,14.609999656677246,0.26000022888183594,1.78,1.6999998092651367
2021-06-17 00:00:00,14.869999885559082,16.049999237060547,14.529999732971191,15.289999961853027,0,14.869999885559082,0.4200000762939453,2.82,1.5199995040893555
2021-06-18 00:00:00,15.289999961853027,16.6200008392334,10.600000381469727,14.800000190734863,0,15.289999961853027,-0.48999977111816406,-3.20,6.020000457763672
2021-06-21 00:00:00,14.800000190734863,16.459999084472656,14.380000114440918,15.0600004196167,0,14.800000190734863,0.26000022888183594,1.76,2.0799989700317383
2021-06-22 00:00:00,15.0600004196167,15.109999656677246,14.430000305175781,14.739999771118164,0,15.0600004196167,-0.32000064849853516,-2.12,0.6799993515014648
2021-06-23 00:00:00,14.739999771118164,15.539999961853027,13.630000114440918,15.369999885559082,0,14.739999771118164,0.630000114440918,4.27,1.9099998474121094
2021-06-24 00:00:00,15.369999885559082,15.640000343322754,14.930000305175781,15.100000381469727,0,15.369999885559082,-0.26999950408935547,-1.76,0.7100000381469727
2021-06-25 00:00:00,15.100000381469727,15.270000457763672,13.279999732971191,13.369999885559082,0,15.100000381469727,-1.7300004959106445,-11.46,1.9900007247924805
2021-06-28 00:00:00,13.369999885559082,13.770000457763672,13.119999885559082,13.399999618530273,0,13.369999885559082,0.029999732971191406,0.22,0.6500005722045898
2021-06-29 00:00:00,13.399999618530273,13.399999618530273,12.899999618530273,13,0,13.399999618530273,-0.39999961853027344,-2.99,0.5
2021-06-30 00:00:00,13,13.140000343322754,12.600000381469727,13.050000190734863,0,13,0.05000019073486328,0.38,0.5399999618530273
2021-07-01 00:00:00,13.050000190734863,13.279999732971191,12.329999923706055,12.84000015258789,0,13.050000190734863,-0.21000003814697266,-1.61,0.9499998092651367
2021-07-02 00:00:00,12.84000015258789,13.020000457763672,12.020000457763672,12.09000015258789,0,12.84000015258789,-0.75,-5.84,1
2021-07-06 00:00:00,12.069999694824219,12.359999656677246,11.289999961853027,12.279999732971191,0,12.09000015258789,0.18999958038330078,1.57,1.0699996948242188
2021-07-07 00:00:00,12.279999732971191,12.59000015258789,11.149999618530273,12.210000038146973,0,12.279999732971191,-0.06999969482421875,-0.57,1.4400005340576172
2021-07-08 00:00:00,12.210000038146973,14.010000228881836,12.0600004196167,13.5600004196167,0,12.210000038146973,1.3500003814697266,11.06,1.9499998092651367
2021-07-09 00:00:00,13.5600004196167,14,12.180000305175781,12.9399995803833,0,13.5600004196167,-0.6200008392333984,-4.57,1.8199996948242188
2021-07-12 00:00:00,12.9399995803833,13.609999656677246,11.8100004196167,12.989999771118164,0,12.9399995803833,0.05000019073486328,0.39,1.7999992370605469
2021-07-13 00:00:00,12.989999771118164,12.989999771118164,10.670000076293945,12.619999885559082,0,12.989999771118164,-0.36999988555908203,-2.85,2.3199996948242188
2021-07-14 00:00:00,12.619999885559082,12.960000038146973,10.489999771118164,12.59000015258789,0,12.619999885559082,-0.029999732971191406,-0.24,2.4700002670288086
2021-07-15 00:00:00,12.59000015258789,12.949999809265137,11.079999923706055,12.270000457763672,0,12.59000015258789,-0.31999969482421875,-2.54,1.869999885559082
2021-07-16 00:00:00,12.270000457763672,12.369999885559082,11.630000114440918,11.710000038146973,0,12.270000457763672,-0.5600004196166992,-4.56,0.7399997711181641
2021-07-19 00:00:00,11.710000038146973,13.199999809265137,11.710000038146973,12.680000305175781,0,11.710000038146973,0.9700002670288086,8.28,1.489999771118164
2021-07-20 00:00:00,12.680000305175781,14.09000015258789,11.789999961853027,13.210000038146973,0,12.680000305175781,0.5299997329711914,4.18,2.3000001907348633
2021-07-22 00:00:00,13.210000038146973,13.210000038146973,11.720000267028809,11.890000343322754,0,13.210000038146973,-1.3199996948242188,-9.99,1.489999771118164
2021-07-23 00:00:00,11.890000343322754,12.119999885559082,11.569999694824219,11.760000228881836,0,11.890000343322754,-0.13000011444091797,-1.09,0.5500001907348633
2021-07-26 00:00:00,11.760000228881836,12.539999961853027,10.399999618530273,12.449999809265137,0,11.760000228881836,0.6899995803833008,5.87,2.140000343322754
2021-07-27 00:00:00,12.449999809265137,13.529999732971191,12.100000381469727,13.229999542236328,0,12.449999809265137,0.7799997329711914,6.27,1.4299993515014648
2021-07-28 00:00:00,13.229999542236328,15.979999542236328,11.359999656677246,13.6899995803833,0,13.229999542236328,0.46000003814697266,3.48,4.619999885559082
2021-07-29 00:00:00,13.6899995803833,13.6899995803833,12.4399995803833,12.949999809265137,0,13.6899995803833,-0.7399997711181641,-5.41,1.25
2021-07-30 00:00:00,12.949999809265137,13.319999694824219,12.180000305175781,12.800000190734863,0,12.949999809265137,-0.14999961853027344,-1.16,1.1399993896484375
2021-08-02 00:00:00,12.800000190734863,13.09000015258789,11.520000457763672,12.8100004196167,0,12.800000190734863,0.010000228881835938,0.08,1.5699996948242188
2021-08-03 00:00:00,12.8100004196167,13.90999984741211,11.960000038146973,13.75,0,12.8100004196167,0.9399995803833008,7.34,1.9499998092651367
2021-08-04 00:00:00,13.75,14.0600004196167,12.649999618530273,13.210000038146973,0,13.75,-0.5399999618530273,-3.93,1.4100008010864258
2021-08-05 00:00:00,13.210000038146973,13.420000076293945,11.199999809265137,12.869999885559082,0,13.210000038146973,-0.3400001525878906,-2.57,2.2200002670288086
2021-08-06 00:00:00,12.869999885559082,13.15999984741211,11.640000343322754,12.609999656677246,0,12.869999885559082,-0.26000022888183594,-2.02,1.5199995040893555
2021-08-09 00:00:00,12.609999656677246,13.109999656677246,12.029999732971191,12.609999656677246,0,12.609999656677246,0,0.00,1.0799999237060547
2021-08-10 00:00:00,12.609999656677246,13.069999694824219,9.979999542236328,12.710000038146973,0,12.609999656677246,0.10000038146972656,0.79,3.0900001525878906
2021-08-11 00:00:00,12.710000038146973,13.329999923706055,10.470000267028809,12.710000038146973,0,12.710000038146973,0,0.00,2.859999656677246
2021-08-12 00:00:00,12.710000038146973,12.819999694824219,11.359999656677246,12.369999885559082,0,12.710000038146973,-0.3400001525878906,-2.68,1.4600000381469727
2021-08-13 00:00:00,12.369999885559082,13.15999984741211,11.399999618530273,12.989999771118164,0,12.369999885559082,0.619999885559082,5.01,1.760000228881836
2021-08-16 00:00:00,12.989999771118164,13.65999984741211,11.380000114440918,13.460000038146973,0,12.989999771118164,0.4700002670288086,3.62,2.2799997329711914
2021-08-17 00:00:00,13.460000038146973,13.609999656677246,12.029999732971191,13.40999984741211,0,13.460000038146973,-0.05000019073486328,-0.37,1.5799999237060547
2021-08-18 00:00:00,13.40999984741211,13.40999984741211,11.119999885559082,12.90999984741211,0,13.40999984741211,-0.5,-3.73,2.2899999618530273
2021-08-20 00:00:00,12.90999984741211,14.140000343322754,12.350000381469727,14.020000457763672,0,12.90999984741211,1.1100006103515625,8.60,1.7899999618530273
2021-08-23 00:00:00,14.020000457763672,14.4399995803833,12.729999542236328,13.6899995803833,0,14.020000457763672,-0.3300008773803711,-2.35,1.7100000381469727
2021-08-24 00:00:00,13.6899995803833,14.510000228881836,13.100000381469727,13.1899995803833,0,13.6899995803833,-0.5,-3.65,1.4099998474121094
2021-08-25 00:00:00,13.1899995803833,13.970000267028809,12.270000457763672,13.5,0,13.1899995803833,0.3100004196166992,2.35,1.6999998092651367
2021-08-26 00:00:00,13.5,14.199999809265137,12.109999656677246,13.539999961853027,0,13.5,0.039999961853027344,0.30,2.0900001525878906
2021-08-27 00:00:00,13.539999961853027,13.760000228881836,12.9399995803833,13.40999984741211,0,13.539999961853027,-0.13000011444091797,-0.96,0.8200006484985352
2021-08-30 00:00:00,13.40999984741211,13.6899995803833,12.399999618530273,13.319999694824219,0,13.40999984741211,-0.09000015258789062,-0.67,1.2899999618530273
2021-08-31 00:00:00,13.319999694824219,14.770000457763672,12.640000343322754,14.520000457763672,0,13.319999694824219,1.2000007629394531,9.01,2.130000114440918
2021-09-01 00:00:00,14.520000457763672,15.630000114440918,13.899999618530273,14.1899995803833,0,14.520000457763672,-0.3300008773803711,-2.27,1.7300004959106445
2021-09-02 00:00:00,14.1899995803833,14.390000343322754,13.609999656677246,14.239999771118164,0,14.1899995803833,0.05000019073486328,0.35,0.7800006866455078
2021-09-03 00:00:00,14.239999771118164,14.649999618530273,13.579999923706055,14.539999961853027,0,14.239999771118164,0.3000001907348633,2.11,1.0699996948242188
2021-09-06 00:00:00,14.539999961853027,15.279999732971191,14.0600004196167,15.109999656677246,0,14.539999961853027,0.5699996948242188,3.92,1.2199993133544922
2021-09-07 00:00:00,15.109999656677246,15.229999542236328,14.59000015258789,14.899999618530273,0,15.109999656677246,-0.21000003814697266,-1.39,0.6399993896484375
2021-09-08 00:00:00,14.899999618530273,15.0600004196167,12.489999771118164,14.40999984741211,0,14.899999618530273,-0.48999977111816406,-3.29,2.570000648498535
2021-09-09 00:00:00,14.40999984741211,14.40999984741211,13.640000343322754,13.9399995803833,0,14.40999984741211,-0.4700002670288086,-3.26,0.7699995040893555
2021-09-13 00:00:00,13.9399995803833,14.779999732971191,11.920000076293945,14.029999732971191,0,13.9399995803833,0.09000015258789062,0.65,2.859999656677246
2021-09-14 00:00:00,14.029999732971191,14.029999732971191,10.869999885559082,13.579999923706055,0,14.029999732971191,-0.4499998092651367,-3.21,3.1599998474121094
2021-09-15 00:00:00,13.579999923706055,13.880000114440918,12.369999885559082,13.729999542236328,0,13.579999923706055,0.14999961853027344,1.10,1.510000228881836
2021-09-16 00:00:00,13.729999542236328,14.529999732971191,9.029999732971191,14.40999984741211,0,13.729999542236328,0.6800003051757812,4.95,5.5
2021-09-17 00:00:00,14.40999984741211,15.649999618530273,12.140000343322754,15.229999542236328,0,14.40999984741211,0.8199996948242188,5.69,3.5099992752075195
2021-09-20 00:00:00,15.229999542236328,17.809999465942383,10.229999542236328,17.489999771118164,0,15.229999542236328,2.260000228881836,14.84,7.579999923706055
2021-09-21 00:00:00,17.489999771118164,18,13,16.520000457763672,0,17.489999771118164,-0.9699993133544922,-5.55,5
2021-09-22 00:00:00,16.520000457763672,16.860000610351562,13.279999732971191,16.489999771118164,0,16.520000457763672,-0.030000686645507812,-0.18,3.580000877380371
2021-09-23 00:00:00,16.489999771118164,16.940000534057617,10.3100004196167,16.600000381469727,0,16.489999771118164,0.1100006103515625,0.67,6.630000114440918
2021-09-24 00:00:00,16.600000381469727,17.329999923706055,12.770000457763672,16.920000076293945,0,16.600000381469727,0.31999969482421875,1.93,4.559999465942383
2021-09-27 00:00:00,16.920000076293945,18.139999389648438,13.520000457763672,18.049999237060547,0,16.920000076293945,1.1299991607666016,6.68,4.619998931884766
2021-09-28 00:00:00,18.049999237060547,18.56999969482422,15.369999885559082,18.540000915527344,0,18.049999237060547,0.4900016784667969,2.71,3.1999998092651367
2021-09-29 00:00:00,18.540000915527344,19.43000030517578,16.760000228881836,18.84000015258789,0,18.540000915527344,0.2999992370605469,1.62,2.6700000762939453
2021-09-30 00:00:00,18.84000015258789,19.139999389648438,17.149999618530273,18.399999618530273,0,18.84000015258789,-0.4400005340576172,-2.34,1.989999771118164
2021-10-01 00:00:00,18.399999618530273,19.079999923706055,17,17.209999084472656,0,18.399999618530273,-1.1900005340576172,-6.47,2.0799999237060547
2021-10-04 00:00:00,17.209999084472656,17.530000686645508,15.319999694824219,16.739999771118164,0,17.209999084472656,-0.4699993133544922,-2.73,2.210000991821289
2021-10-05 00:00:00,16.739999771118164,17.1299991607666,16.299999237060547,16.399999618530273,0,16.739999771118164,-0.3400001525878906,-2.03,0.8299999237060547
2021-10-06 00:00:00,16.399999618530273,17.59000015258789,16.110000610351562,17.329999923706055,0,16.399999618530273,0.9300003051757812,5.67,1.4799995422363281
2021-10-07 00:00:00,17.329999923706055,17.329999923706055,14.449999809265137,16.15999984741211,0,17.329999923706055,-1.1700000762939453,-6.75,2.880000114440918
2021-10-08 00:00:00,16.15999984741211,16.399999618530273,15.529999732971191,15.649999618530273,0,16.15999984741211,-0.5100002288818359,-3.16,0.869999885559082
2021-10-11 00:00:00,15.649999618530273,16.40999984741211,12.229999542236328,16.09000015258789,0,15.649999618530273,0.4400005340576172,2.81,4.180000305175781
2021-10-12 00:00:00,16.09000015258789,16.399999618530273,13.9399995803833,15.850000381469727,0,16.09000015258789,-0.23999977111816406,-1.49,2.4600000381469727
2021-10-13 00:00:00,15.850000381469727,16.219999313354492,13.380000114440918,16.100000381469727,0,15.850000381469727,0.25,1.58,2.839999198913574
2021-10-14 00:00:00,16.100000381469727,16.290000915527344,12.609999656677246,15.770000457763672,0,16.100000381469727,-0.3299999237060547,-2.05,3.6800012588500977
2021-10-18 00:00:00,15.770000457763672,17.31999969482422,14.15999984741211,17.18000030517578,0,15.770000457763672,1.4099998474121094,8.94,3.1599998474121094
2021-10-19 00:00:00,17.18000030517578,17.540000915527344,14.239999771118164,17.3799991607666,0,17.18000030517578,0.1999988555908203,1.16,3.3000011444091797
2021-10-20 00:00:00,17.3799991607666,18.860000610351562,15.229999542236328,18.309999465942383,0,17.3799991607666,0.9300003051757812,5.35,3.6300010681152344
2021-10-21 00:00:00,18.309999465942383,18.799999237060547,14.90999984741211,18.040000915527344,0,18.309999465942383,-0.26999855041503906,-1.47,3.8899993896484375
2021-10-22 00:00:00,18.040000915527344,18.040000915527344,14.359999656677246,17.549999237060547,0,18.040000915527344,-0.4900016784667969,-2.72,3.6800012588500977
2021-10-25 00:00:00,17.549999237060547,18.760000228881836,14.510000228881836,17.610000610351562,0,17.549999237060547,0.060001373291015625,0.34,4.25
2021-10-26 00:00:00,17.610000610351562,17.729999542236328,16.649999618530273,16.75,0,17.610000610351562,-0.8600006103515625,-4.88,1.0799999237060547
2021-10-27 00:00:00,16.75,17.030000686645508,15.399999618530273,16.829999923706055,0,16.75,0.07999992370605469,0.48,1.6300010681152344
2021-10-28 00:00:00,16.829999923706055,18.43000030517578,16.809999465942383,17.90999984741211,0,16.829999923706055,1.0799999237060547,6.42,1.6200008392333984
2021-10-29 00:00:00,17.90999984741211,19.639999389648438,16.280000686645508,17.43000030517578,0,17.90999984741211,-0.4799995422363281,-2.68,3.3599987030029297
2021-11-01 00:00:00,17.43000030517578,18.100000381469727,15.380000114440918,17.239999771118164,0,17.43000030517578,-0.1900005340576172,-1.09,2.7200002670288086
2021-11-02 00:00:00,17.239999771118164,17.790000915527344,16.360000610351562,17.059999465942383,0,17.239999771118164,-0.18000030517578125,-1.04,1.4300003051757812
2021-11-03 00:00:00,17.059999465942383,17.059999465942383,15.699999809265137,16.1299991607666,0,17.059999465942383,-0.9300003051757812,-5.45,1.359999656677246
2021-11-04 00:00:00,16.1299991607666,16.40999984741211,14.3100004196167,15.75,0,16.1299991607666,-0.37999916076660156,-2.36,2.09999942779541
2021-11-08 00:00:00,15.75,16.93000030517578,13.989999771118164,16.34000015258789,0,15.75,0.5900001525878906,3.75,2.940000534057617
2021-11-09 00:00:00,16.34000015258789,16.610000610351562,14.640000343322754,16,0,16.34000015258789,-0.3400001525878906,-2.08,1.9700002670288086
2021-11-10 00:00:00,16,16.68000030517578,15.140000343322754,16.309999465942383,0,16,0.3099994659423828,1.94,1.5399999618530273
2021-11-11 00:00:00,16.309999465942383,17.290000915527344,14.649999618530273,16.350000381469727,0,16.309999465942383,0.04000091552734375,0.25,2.6400012969970703
2021-11-12 00:00:00,16.350000381469727,16.350000381469727,14.649999618530273,15.220000267028809,0,16.350000381469727,-1.130000114440918,-6.91,1.7000007629394531
2021-11-15 00:00:00,15.220000267028809,15.84000015258789,13.430000305175781,15.470000267028809,0,15.220000267028809,0.25,1.64,2.4099998474121094
2021-11-16 00:00:00,15.470000267028809,15.680000305175781,13.579999923706055,15.199999809265137,0,15.470000267028809,-0.2700004577636719,-1.75,2.1000003814697266
2021-11-17 00:00:00,15.199999809265137,15.40999984741211,13.920000076293945,14.979999542236328,0,15.199999809265137,-0.2200002670288086,-1.45,1.489999771118164
2021-11-18 00:00:00,14.979999542236328,16.149999618530273,12.079999923706055,14.859999656677246,0,14.979999542236328,-0.11999988555908203,-0.80,4.069999694824219
2021-11-22 00:00:00,14.859999656677246,18.079999923706055,13.5600004196167,17.520000457763672,0,14.859999656677246,2.660000801086426,17.90,4.5199995040893555
2021-11-23 00:00:00,17.520000457763672,20.020000457763672,16.790000915527344,18.020000457763672,0,17.520000457763672,0.5,2.85,3.229999542236328
2021-11-24 00:00:00,18.020000457763672,18.020000457763672,15.579999923706055,17.100000381469727,0,18.020000457763672,-0.9200000762939453,-5.11,2.440000534057617
2021-11-25 00:00:00,17.100000381469727,18.06999969482422,16,16.65999984741211,0,17.100000381469727,-0.4400005340576172,-2.57,2.0699996948242188
2021-11-26 00:00:00,16.65999984741211,21.389999389648438,16.049999237060547,20.799999237060547,0,16.65999984741211,4.1399993896484375,24.85,5.340000152587891
2021-11-29 00:00:00,20.799999237060547,23.81999969482422,18.889999389648438,20.829999923706055,0,20.799999237060547,0.030000686645507812,0.14,4.930000305175781
2021-11-30 00:00:00,20.829999923706055,21.969999313354492,18.809999465942383,21.170000076293945,0,20.829999923706055,0.3400001525878906,1.63,3.1599998474121094
2021-12-01 00:00:00,21.170000076293945,21.170000076293945,18.93000030517578,19.450000762939453,0,21.170000076293945,-1.7199993133544922,-8.12,2.239999771118164
2021-12-02 00:00:00,19.450000762939453,22.969999313354492,18,18.09000015258789,0,19.450000762939453,-1.3600006103515625,-6.99,4.969999313354492
2021-12-03 00:00:00,18.09000015258789,18.829999923706055,17.209999084472656,18.450000762939453,0,18.09000015258789,0.3600006103515625,1.99,1.6200008392333984
2021-12-06 00:00:00,18.450000762939453,20.479999542236328,18.299999237060547,20.079999923706055,0,18.450000762939453,1.6299991607666016,8.83,2.1800003051757812
2021-12-07 00:00:00,20.079999923706055,20.079999923706055,18.239999771118164,18.459999084472656,0,20.079999923706055,-1.6200008392333984,-8.07,1.8400001525878906
2021-12-08 00:00:00,18.459999084472656,18.459999084472656,16.56999969482422,17.270000457763672,0,18.459999084472656,-1.1899986267089844,-6.45,1.8899993896484375
2021-12-09 00:00:00,17.270000457763672,17.43000030517578,15.539999961853027,16.600000381469727,0,17.270000457763672,-0.6700000762939453,-3.88,1.890000343322754
2021-12-10 00:00:00,16.600000381469727,16.93000030517578,15.210000038146973,16.059999465942383,0,16.600000381469727,-0.5400009155273438,-3.25,1.7200002670288086
2021-12-13 00:00:00,16.059999465942383,16.860000610351562,14.680000305175781,16.56999969482422,0,16.059999465942383,0.5100002288818359,3.18,2.1800003051757812
2021-12-14 00:00:00,16.56999969482422,17.329999923706055,13.9399995803833,16.950000762939453,0,16.56999969482422,0.3800010681152344,2.29,3.390000343322754
2021-12-15 00:00:00,16.950000762939453,17.709999084472656,15.770000457763672,17.219999313354492,0,16.950000762939453,0.26999855041503906,1.59,1.9399986267089844
2021-12-16 00:00:00,17.219999313354492,17.219999313354492,15.260000228881836,15.899999618530273,0,17.219999313354492,-1.3199996948242188,-7.67,1.9599990844726562
2021-12-17 00:00:00,15.899999618530273,16.90999984741211,13.760000228881836,16.34000015258789,0,15.899999618530273,0.4400005340576172,2.77,3.1499996185302734
2021-12-20 00:00:00,16.34000015258789,20.139999389648438,16.34000015258789,18.969999313354492,0,16.34000015258789,2.6299991607666016,16.10,3.799999237060547
2021-12-21 00:00:00,18.969999313354492,18.969999313354492,16.6299991607666,17.540000915527344,0,18.969999313354492,-1.4299983978271484,-7.54,2.3400001525878906
2021-12-22 00:00:00,17.540000915527344,17.540000915527344,15.6899995803833,16.579999923706055,0,17.540000915527344,-0.9600009918212891,-5.47,1.850001335144043
2021-12-23 00:00:00,16.579999923706055,16.579999923706055,15.680000305175781,15.829999923706055,0,16.579999923706055,-0.75,-4.52,0.8999996185302734
2021-12-24 00:00:00,15.829999923706055,16.649999618530273,15.329999923706055,16.149999618530273,0,15.829999923706055,0.31999969482421875,2.02,1.3199996948242188
2021-12-27 00:00:00,16.149999618530273,17.280000686645508,15.260000228881836,17.1200008392334,0,16.149999618530273,0.970001220703125,6.01,2.020000457763672
2021-12-28 00:00:00,17.1200008392334,17.1200008392334,15.210000038146973,16.479999542236328,0,17.1200008392334,-0.6400012969970703,-3.74,1.9100008010864258
2021-12-29 00:00:00,16.479999542236328,16.860000610351562,15.800000190734863,16.239999771118164,0,16.479999542236328,-0.23999977111816406,-1.46,1.0600004196166992
2021-12-30 00:00:00,16.239999771118164,16.790000915527344,15.289999961853027,16.56999969482422,0,16.239999771118164,0.3299999237060547,2.03,1.5000009536743164
2021-12-31 00:00:00,16.56999969482422,16.770000457763672,15.399999618530273,16.219999313354492,0,16.56999969482422,-0.35000038146972656,-2.11,1.3700008392333984
2022-01-03 00:00:00,16.219999313354492,16.809999465942383,15.449999809265137,16.450000762939453,0,16.219999313354492,0.23000144958496094,1.42,1.359999656677246
2022-01-04 00:00:00,16.450000762939453,16.68000030517578,15.710000038146973,16.1200008392334,0,16.450000762939453,-0.3299999237060547,-2.01,0.9700002670288086
2022-01-05 00:00:00,16.1200008392334,17.3799991607666,15.09000015258789,17.229999542236328,0,16.1200008392334,1.1099987030029297,6.89,2.289999008178711
2022-01-06 00:00:00,17.229999542236328,18.420000076293945,16.399999618530273,17.979999542236328,0,17.229999542236328,0.75,4.35,2.020000457763672
2022-01-07 00:00:00,17.979999542236328,18.09000015258789,16.860000610351562,17.600000381469727,0,17.979999542236328,-0.37999916076660156,-2.11,1.2299995422363281
2022-01-10 00:00:00,17.600000381469727,18.389999389648438,15.84000015258789,17.68000030517578,0,17.600000381469727,0.07999992370605469,0.45,2.549999237060547
2022-01-11 00:00:00,17.68000030517578,18.25,16.440000534057617,17.760000228881836,0,17.68000030517578,0.07999992370605469,0.45,1.8099994659423828
2022-01-12 00:00:00,17.760000228881836,17.93000030517578,16.549999237060547,17.18000030517578,0,17.760000228881836,-0.5799999237060547,-3.27,1.3800010681152344
2022-01-13 00:00:00,17.18000030517578,17.520000457763672,16.610000610351562,16.700000762939453,0,17.18000030517578,-0.4799995422363281,-2.79,0.9099998474121094
2022-01-14 00:00:00,16.700000762939453,17.100000381469727,15.34000015258789,16.559999465942383,0,16.700000762939453,-0.1400012969970703,-0.84,1.760000228881836
2022-01-17 00:00:00,16.559999465942383,17.549999237060547,16.270000457763672,16.770000457763672,0,16.559999465942383,0.21000099182128906,1.27,1.279998779296875
2022-01-18 00:00:00,16.770000457763672,17.8799991607666,16.770000457763672,17.780000686645508,0,16.770000457763672,1.010000228881836,6.02,1.1099987030029297
2022-01-19 00:00:00,17.780000686645508,18.450000762939453,15.9399995803833,17.81999969482422,0,17.780000686645508,0.03999900817871094,0.22,2.5100011825561523
2022-01-20 00:00:00,17.81999969482422,18.450000762939453,17.31999969482422,17.790000915527344,0,17.81999969482422,-0.029998779296875,-0.17,1.1300010681152344
2022-01-21 00:00:00,17.790000915527344,19.610000610351562,16.979999542236328,18.889999389648438,0,17.790000915527344,1.0999984741210938,6.18,2.6300010681152344
2022-01-24 00:00:00,18.889999389648438,23.899999618530273,18.889999389648438,22.829999923706055,0,18.889999389648438,3.940000534057617,20.86,5.010000228881836
2022-01-25 00:00:00,22.829999923706055,24.139999389648438,21.18000030517578,21.360000610351562,0,22.829999923706055,-1.4699993133544922,-6.44,2.9599990844726562
2022-01-27 00:00:00,21.360000610351562,23.8700008392334,20.440000534057617,21.06999969482422,0,21.360000610351562,-0.29000091552734375,-1.36,3.4300003051757812
2022-01-28 00:00:00,21.06999969482422,21.31999969482422,20.280000686645508,20.700000762939453,0,21.06999969482422,-0.3699989318847656,-1.76,1.039999008178711
2022-01-31 00:00:00,20.700000762939453,22.110000610351562,20.700000762939453,21.950000762939453,0,20.700000762939453,1.25,6.04,1.4099998474121094
2022-02-01 00:00:00,21.950000762939453,22.06999969482422,19.75,19.979999542236328,0,21.950000762939453,-1.970001220703125,-8.97,2.3199996948242188
2022-02-02 00:00:00,19.979999542236328,19.979999542236328,18.549999237060547,18.649999618530273,0,19.979999542236328,-1.3299999237060547,-6.66,1.4300003051757812
2022-02-03 00:00:00,18.649999618530273,19.600000381469727,17.40999984741211,19.15999984741211,0,18.649999618530273,0.5100002288818359,2.73,2.190000534057617
2022-02-04 00:00:00,19.15999984741211,19.780000686645508,18.600000381469727,18.899999618530273,0,19.15999984741211,-0.26000022888183594,-1.36,1.1800003051757812
2022-02-07 00:00:00,18.899999618530273,21.079999923706055,18.18000030517578,20.440000534057617,0,18.899999618530273,1.5400009155273438,8.15,2.8999996185302734
2022-02-08 00:00:00,20.440000534057617,20.940000534057617,19.559999465942383,19.68000030517578,0,20.440000534057617,-0.7600002288818359,-3.72,1.3800010681152344
2022-02-09 00:00:00,19.68000030517578,19.68000030517578,17.889999389648438,18.559999465942383,0,19.68000030517578,-1.1200008392333984,-5.69,1.7900009155273438
2022-02-10 00:00:00,18.559999465942383,18.93000030517578,16.799999237060547,17.709999084472656,0,18.559999465942383,-0.8500003814697266,-4.58,2.1300010681152344
2022-02-11 00:00:00,17.709999084472656,19.530000686645508,16.860000610351562,18.68000030517578,0,17.709999084472656,0.970001220703125,5.48,2.6700000762939453
2022-02-14 00:00:00,18.68000030517578,23.540000915527344,18.68000030517578,22.979999542236328,0,18.68000030517578,4.299999237060547,23.02,4.8600006103515625
2022-02-15 00:00:00,22.979999542236328,23.139999389648438,20.43000030517578,20.610000610351562,0,22.979999542236328,-2.3699989318847656,-10.31,2.7099990844726562
2022-02-16 00:00:00,20.610000610351562,21.020000457763672,19.350000381469727,20.59000015258789,0,20.610000610351562,-0.020000457763671875,-0.10,1.6700000762939453
2022-02-17 00:00:00,20.59000015258789,22.3700008392334,19.459999084472656,22.010000228881836,0,20.59000015258789,1.4200000762939453,6.90,2.910001754760742
2022-02-18 00:00:00,22.010000228881836,23.209999084472656,21.639999389648438,22.170000076293945,0,22.010000228881836,0.15999984741210938,0.73,1.5699996948242188
2022-02-21 00:00:00,22.170000076293945,23.760000228881836,20.56999969482422,22.899999618530273,0,22.170000076293945,0.7299995422363281,3.29,3.190000534057617
2022-02-22 00:00:00,22.899999618530273,27.81999969482422,22.899999618530273,26.65999984741211,0,22.899999618530273,3.760000228881836,16.42,4.920000076293945
2022-02-23 00:00:00,26.65999984741211,26.65999984741211,23.90999984741211,24.540000915527344,0,26.65999984741211,-2.1199989318847656,-7.95,2.75
2022-02-24 00:00:00,24.540000915527344,33.970001220703125,24.540000915527344,31.979999542236328,0,24.540000915527344,7.439998626708984,30.32,9.430000305175781
2022-02-25 00:00:00,31.979999542236328,31.979999542236328,26.149999618530273,26.739999771118164,0,31.979999542236328,-5.239999771118164,-16.39,5.829999923706055
2022-02-28 00:00:00,26.739999771118164,29.790000915527344,26.739999771118164,28.56999969482422,0,26.739999771118164,1.8299999237060547,6.84,3.0500011444091797
2022-03-02 00:00:00,28.56999969482422,30.84000015258789,28.56999969482422,29.229999542236328,0,28.56999969482422,0.6599998474121094,2.31,2.270000457763672
2022-03-03 00:00:00,29.229999542236328,29.229999542236328,27.219999313354492,28.15999984741211,0,29.229999542236328,-1.0699996948242188,-3.66,2.010000228881836
2022-03-04 00:00:00,28.15999984741211,29.93000030517578,27.219999313354492,27.959999084472656,0,28.15999984741211,-0.20000076293945312,-0.71,2.710000991821289
2022-03-07 00:00:00,27.959999084472656,30.280000686645508,27.959999084472656,29.329999923706055,0,27.959999084472656,1.3700008392333984,4.90,2.3200016021728516
2022-03-08 00:00:00,29.329999923706055,30.059999465942383,27.110000610351562,28.59000015258789,0,29.329999923706055,-0.7399997711181641,-2.52,2.9499988555908203
2022-03-09 00:00:00,28.59000015258789,28.59000015258789,27.309999465942383,27.469999313354492,0,28.59000015258789,-1.1200008392333984,-3.92,1.2800006866455078
2022-03-10 00:00:00,27.469999313354492,27.469999313354492,22.959999084472656,25.579999923706055,0,27.469999313354492,-1.8899993896484375,-6.88,4.510000228881836
2022-03-11 00:00:00,25.579999923706055,25.8700008392334,24.579999923706055,25.350000381469727,0,25.579999923706055,-0.22999954223632812,-0.90,1.2900009155273438
2022-03-14 00:00:00,25.350000381469727,26.209999084472656,25.09000015258789,25.68000030517578,0,25.350000381469727,0.3299999237060547,1.30,1.1199989318847656
2022-03-15 00:00:00,25.68000030517578,27.540000915527344,23.65999984741211,26.729999542236328,0,25.68000030517578,1.0499992370605469,4.09,3.8800010681152344
2022-03-16 00:00:00,26.729999542236328,26.729999542236328,24.010000228881836,24.1200008392334,0,26.729999542236328,-2.6099987030029297,-9.76,2.719999313354492
2022-03-17 00:00:00,24.1200008392334,24.1200008392334,20.770000457763672,22.610000610351562,0,24.1200008392334,-1.510000228881836,-6.26,3.3500003814697266
2022-03-21 00:00:00,22.610000610351562,24.709999084472656,22.610000610351562,24.6200008392334,0,22.610000610351562,2.010000228881836,8.89,2.0999984741210938
2022-03-22 00:00:00,24.6200008392334,25.15999984741211,23.760000228881836,24.06999969482422,0,24.6200008392334,-0.5500011444091797,-2.23,1.3999996185302734
2022-03-23 00:00:00,24.06999969482422,24.979999542236328,20.450000762939453,24.75,0,24.06999969482422,0.6800003051757812,2.83,4.529998779296875
2022-03-24 00:00:00,24.75,25.530000686645508,23.809999465942383,23.93000030517578,0,24.75,-0.8199996948242188,-3.31,1.720001220703125
2022-03-25 00:00:00,23.93000030517578,24.270000457763672,22.90999984741211,23.43000030517578,0,23.93000030517578,-0.5,-2.09,1.3600006103515625
2022-03-28 00:00:00,23.43000030517578,24.209999084472656,19.59000015258789,22.610000610351562,0,23.43000030517578,-0.8199996948242188,-3.50,4.619998931884766
2022-03-29 00:00:00,22.610000610351562,22.610000610351562,21.100000381469727,21.299999237060547,0,22.610000610351562,-1.3100013732910156,-5.79,1.510000228881836
2022-03-30 00:00:00,21.299999237060547,21.299999237060547,19.729999542236328,20.610000610351562,0,21.299999237060547,-0.6899986267089844,-3.24,1.5699996948242188
2022-03-31 00:00:00,20.610000610351562,20.940000534057617,20.209999084472656,20.559999465942383,0,20.610000610351562,-0.05000114440917969,-0.24,0.7300014495849609
2022-04-01 00:00:00,20.559999465942383,20.860000610351562,18.1200008392334,18.43000030517578,0,20.559999465942383,-2.1299991607666016,-10.36,2.739999771118164
2022-04-04 00:00:00,18.43000030517578,18.829999923706055,17.59000015258789,17.90999984741211,0,18.43000030517578,-0.5200004577636719,-2.82,1.239999771118164
2022-04-05 00:00:00,17.90999984741211,18.6299991607666,16.790000915527344,18.489999771118164,0,17.90999984741211,0.5799999237060547,3.24,1.8399982452392578
2022-04-06 00:00:00,18.489999771118164,19.280000686645508,16.809999465942383,19.020000457763672,0,18.489999771118164,0.5300006866455078,2.87,2.470001220703125
2022-04-07 00:00:00,19.020000457763672,19.489999771118164,17.719999313354492,19,0,19.020000457763672,-0.020000457763671875,-0.11,1.7700004577636719
2022-04-08 00:00:00,19,20.09000015258789,17.530000686645508,17.690000534057617,0,19,-1.3099994659423828,-6.89,2.559999465942383
2022-04-11 00:00:00,17.690000534057617,19.149999618530273,16.639999389648438,18.270000457763672,0,17.690000534057617,0.5799999237060547,3.28,2.510000228881836
2022-04-12 00:00:00,18.270000457763672,18.670000076293945,15.09000015258789,18.15999984741211,0,18.270000457763672,-0.1100006103515625,-0.60,3.5799999237060547
2022-04-13 00:00:00,18.15999984741211,18.399999618530273,16.190000534057617,17.790000915527344,0,18.15999984741211,-0.3699989318847656,-2.04,2.2099990844726562
2022-04-18 00:00:00,17.790000915527344,20.479999542236328,17.790000915527344,19.34000015258789,0,17.790000915527344,1.5499992370605469,8.71,2.6899986267089844
2022-04-19 00:00:00,19.34000015258789,20.809999465942383,14.630000114440918,19.770000457763672,0,19.34000015258789,0.43000030517578125,2.22,6.179999351501465
2022-04-20 00:00:00,19.770000457763672,20.270000457763672,17.84000015258789,18.670000076293945,0,19.770000457763672,-1.1000003814697266,-5.56,2.4300003051757812
2022-04-21 00:00:00,18.670000076293945,18.670000076293945,13.350000381469727,17.850000381469727,0,18.670000076293945,-0.8199996948242188,-4.39,5.319999694824219
2022-04-22 00:00:00,17.850000381469727,18.760000228881836,17.809999465942383,18.350000381469727,0,17.850000381469727,0.5,2.80,0.9500007629394531
2022-04-25 00:00:00,18.350000381469727,21.760000228881836,18.350000381469727,21.260000228881836,0,18.350000381469727,2.9099998474121094,15.86,3.4099998474121094
2022-04-26 00:00:00,21.260000228881836,21.260000228881836,19.010000228881836,19.190000534057617,0,21.260000228881836,-2.0699996948242188,-9.74,2.25
2022-04-27 00:00:00,19.190000534057617,21.3700008392334,19.190000534057617,20.610000610351562,0,19.190000534057617,1.4200000762939453,7.40,2.1800003051757812
2022-04-28 00:00:00,20.610000610351562,20.610000610351562,19.020000457763672,19.3799991607666,0,20.610000610351562,-1.230001449584961,-5.97,1.5900001525878906
2022-04-29 00:00:00,19.3799991607666,19.649999618530273,18.209999084472656,19.420000076293945,0,19.3799991607666,0.04000091552734375,0.21,1.4400005340576172
2022-05-02 00:00:00,19.420000076293945,21.059999465942383,19.420000076293945,20.280000686645508,0,19.420000076293945,0.8600006103515625,4.43,1.6399993896484375
2022-05-04 00:00:00,20.280000686645508,22.389999389648438,18.43000030517578,21.8799991607666,0,20.280000686645508,1.5999984741210938,7.89,3.9599990844726562
2022-05-05 00:00:00,21.8799991607666,21.8799991607666,19.610000610351562,20.290000915527344,0,21.8799991607666,-1.5899982452392578,-7.27,2.269998550415039
2022-05-06 00:00:00,20.290000915527344,21.809999465942383,19.329999923706055,21.25,0,20.290000915527344,0.9599990844726562,4.73,2.479999542236328
2022-05-09 00:00:00,21.25,22.520000457763672,18.959999084472656,22.030000686645508,0,21.25,0.7800006866455078,3.67,3.5600013732910156
2022-05-10 00:00:00,22.030000686645508,22.520000457763672,21.219999313354492,22.299999237060547,0,22.030000686645508,0.26999855041503906,1.23,1.3000011444091797
2022-05-11 00:00:00,22.299999237060547,24.190000534057617,20.479999542236328,22.799999237060547,0,22.299999237060547,0.5,2.24,3.710000991821289
2022-05-12 00:00:00,22.799999237060547,25.31999969482422,21.149999618530273,24.270000457763672,0,22.799999237060547,1.470001220703125,6.45,4.170000076293945
2022-05-13 00:00:00,24.270000457763672,24.270000457763672,20.969999313354492,23.489999771118164,0,24.270000457763672,-0.7800006866455078,-3.21,3.3000011444091797
2022-05-16 00:00:00,23.489999771118164,24.709999084472656,21.280000686645508,24.530000686645508,0,23.489999771118164,1.0400009155273438,4.43,3.4299983978271484
2022-05-17 00:00:00,24.530000686645508,24.84000015258789,17.100000381469727,22.739999771118164,0,24.530000686645508,-1.7900009155273438,-7.30,7.739999771118164
2022-05-18 00:00:00,22.739999771118164,23.059999465942383,21.34000015258789,22.299999237060547,0,22.739999771118164,-0.4400005340576172,-1.93,1.7199993133544922
2022-05-19 00:00:00,22.299999237060547,25.149999618530273,22.299999237060547,24.559999465942383,0,22.299999237060547,2.260000228881836,10.13,2.8500003814697266
2022-05-20 00:00:00,24.559999465942383,24.559999465942383,22.440000534057617,23.100000381469727,0,24.559999465942383,-1.4599990844726562,-5.94,2.1199989318847656
2022-05-23 00:00:00,23.100000381469727,23.979999542236328,20.5,23.399999618530273,0,23.100000381469727,0.2999992370605469,1.30,3.479999542236328
2022-05-24 00:00:00,23.399999618530273,25.989999771118164,23.15999984741211,25.639999389648438,0,23.399999618530273,2.239999771118164,9.57,2.8299999237060547
2022-05-25 00:00:00,25.639999389648438,25.639999389648438,24.360000610351562,25.280000686645508,0,25.639999389648438,-0.3599987030029297,-1.40,1.279998779296875
2022-05-26 00:00:00,25.280000686645508,25.280000686645508,22.540000915527344,22.719999313354492,0,25.280000686645508,-2.5600013732910156,-10.13,2.739999771118164
2022-05-27 00:00:00,22.719999313354492,22.719999313354492,21.200000762939453,21.479999542236328,0,22.719999313354492,-1.239999771118164,-5.46,1.519998550415039
2022-05-30 00:00:00,21.479999542236328,21.479999542236328,19.719999313354492,19.979999542236328,0,21.479999542236328,-1.5,-6.98,1.760000228881836
2022-05-31 00:00:00,19.979999542236328,20.75,19.68000030517578,20.479999542236328,0,19.979999542236328,0.5,2.50,1.0699996948242188
2022-06-01 00:00:00,20.479999542236328,21.34000015258789,18.229999542236328,20.850000381469727,0,20.479999542236328,0.37000083923339844,1.81,3.1100006103515625
2022-06-02 00:00:00,20.850000381469727,21,18.3799991607666,20.31999969482422,0,20.850000381469727,-0.5300006866455078,-2.54,2.6200008392333984
2022-06-03 00:00:00,20.31999969482422,20.31999969482422,18.739999771118164,19.979999542236328,0,20.31999969482422,-0.3400001525878906,-1.67,1.5799999237060547
2022-06-06 00:00:00,19.979999542236328,20.68000030517578,18.649999618530273,20.200000762939453,0,19.979999542236328,0.220001220703125,1.10,2.030000686645508
2022-06-07 00:00:00,20.200000762939453,21.06999969482422,19.43000030517578,20.43000030517578,0,20.200000762939453,0.22999954223632812,1.14,1.6399993896484375
2022-06-08 00:00:00,20.43000030517578,20.690000534057617,19.389999389648438,19.84000015258789,0,20.43000030517578,-0.5900001525878906,-2.89,1.3000011444091797
2022-06-09 00:00:00,19.84000015258789,19.84000015258789,18.15999984741211,19.139999389648438,0,19.84000015258789,-0.7000007629394531,-3.53,1.6800003051757812
2022-06-10 00:00:00,19.139999389648438,19.760000228881836,18.260000228881836,19.579999923706055,0,19.139999389648438,0.4400005340576172,2.30,1.5
2022-06-13 00:00:00,19.579999923706055,22.799999237060547,19.579999923706055,22.3700008392334,0,19.579999923706055,2.7900009155273438,14.25,3.219999313354492
2022-06-14 00:00:00,22.3700008392334,22.639999389648438,18.950000762939453,21.889999389648438,0,22.3700008392334,-0.48000144958496094,-2.15,3.6899986267089844
2022-06-15 00:00:00,21.889999389648438,22.3700008392334,20.950000762939453,22.149999618530273,0,21.889999389648438,0.26000022888183594,1.19,1.4200000762939453
2022-06-16 00:00:00,22.149999618530273,28.1299991607666,19.75,22.8700008392334,0,22.149999618530273,0.720001220703125,3.25,8.379999160766602
2022-06-17 00:00:00,22.8700008392334,23.690000534057617,18.020000457763672,22.760000228881836,0,22.8700008392334,-0.1100006103515625,-0.48,5.670000076293945
2022-06-20 00:00:00,22.760000228881836,23.639999389648438,16,22.40999984741211,0,22.760000228881836,-0.35000038146972656,-1.54,7.6399993896484375
2022-06-21 00:00:00,22.40999984741211,22.40999984741211,20.479999542236328,21.139999389648438,0,22.40999984741211,-1.2700004577636719,-5.67,1.9300003051757812
2022-06-22 00:00:00,21.139999389648438,21.790000915527344,19.31999969482422,21.299999237060547,0,21.139999389648438,0.15999984741210938,0.76,2.470001220703125
2022-06-23 00:00:00,21.299999237060547,21.709999084472656,18.360000610351562,20.8799991607666,0,21.299999237060547,-0.4200000762939453,-1.97,3.3499984741210938
2022-06-24 00:00:00,20.8799991607666,21.270000457763672,18.68000030517578,20.549999237060547,0,20.8799991607666,-0.3299999237060547,-1.58,2.5900001525878906
2022-06-27 00:00:00,20.549999237060547,21.1200008392334,19.549999237060547,21.010000228881836,0,20.549999237060547,0.46000099182128906,2.24,1.5700016021728516
2022-06-28 00:00:00,21.010000228881836,21.68000030517578,20.510000228881836,21.450000762939453,0,21.010000228881836,0.4400005340576172,2.09,1.1700000762939453
2022-06-29 00:00:00,21.450000762939453,22.09000015258789,21.450000762939453,21.899999618530273,0,21.450000762939453,0.4499988555908203,2.10,0.6399993896484375
2022-06-30 00:00:00,21.899999618530273,22.270000457763672,21.540000915527344,21.84000015258789,0,21.899999618530273,-0.05999946594238281,-0.27,0.7299995422363281
2022-07-01 00:00:00,21.84000015258789,22.43000030517578,21.139999389648438,21.25,0,21.84000015258789,-0.5900001525878906,-2.70,1.2900009155273438
2022-07-04 00:00:00,21.25,22.25,20.920000076293945,20.969999313354492,0,21.25,-0.2800006866455078,-1.32,1.3299999237060547
2022-07-05 00:00:00,20.969999313354492,20.989999771118164,20.239999771118164,20.790000915527344,0,20.969999313354492,-0.17999839782714844,-0.86,0.75
2022-07-06 00:00:00,20.790000915527344,20.790000915527344,19.81999969482422,20.270000457763672,0,20.790000915527344,-0.5200004577636719,-2.50,0.970001220703125
2022-07-07 00:00:00,20.270000457763672,20.270000457763672,19.010000228881836,19.200000762939453,0,20.270000457763672,-1.0699996948242188,-5.28,1.260000228881836
2022-07-08 00:00:00,19.200000762939453,19.200000762939453,18.219999313354492,18.399999618530273,0,19.200000762939453,-0.8000011444091797,-4.17,0.9800014495849609
2022-07-11 00:00:00,18.399999618530273,19.219999313354492,16.649999618530273,18.3700008392334,0,18.399999618530273,-0.029998779296875,-0.16,2.5699996948242188
2022-07-12 00:00:00,18.3700008392334,18.639999389648438,17.299999237060547,18.549999237060547,0,18.3700008392334,0.17999839782714844,0.98,1.3400001525878906
2022-07-13 00:00:00,18.549999237060547,18.760000228881836,17.739999771118164,18.520000457763672,0,18.549999237060547,-0.029998779296875,-0.16,1.0200004577636719
2022-07-14 00:00:00,18.520000457763672,18.690000534057617,17.75,18.34000015258789,0,18.520000457763672,-0.18000030517578125,-0.97,0.9400005340576172
2022-07-15 00:00:00,18.34000015258789,18.34000015258789,17.530000686645508,17.600000381469727,0,18.34000015258789,-0.7399997711181641,-4.03,0.8099994659423828
2022-07-18 00:00:00,17.600000381469727,18.18000030517578,16.469999313354492,17.15999984741211,0,17.600000381469727,-0.4400005340576172,-2.50,1.710000991821289
2022-07-19 00:00:00,17.15999984741211,17.670000076293945,16.350000381469727,17.200000762939453,0,17.15999984741211,0.04000091552734375,0.23,1.3199996948242188
2022-07-20 00:00:00,17.200000762939453,17.270000457763672,15.65999984741211,16.81999969482422,0,17.200000762939453,-0.3800010681152344,-2.21,1.6100006103515625
2022-07-21 00:00:00,16.81999969482422,17.209999084472656,15.970000267028809,16.860000610351562,0,16.81999969482422,0.04000091552734375,0.24,1.2399988174438477
2022-07-22 00:00:00,16.860000610351562,16.959999084472656,16.15999984741211,16.649999618530273,0,16.860000610351562,-0.21000099182128906,-1.25,0.7999992370605469
2022-07-25 00:00:00,16.649999618530273,17.90999984741211,16.18000030517578,17.68000030517578,0,16.649999618530273,1.0300006866455078,6.19,1.7299995422363281
2022-07-26 00:00:00,17.68000030517578,18.270000457763672,17.360000610351562,18.170000076293945,0,17.68000030517578,0.48999977111816406,2.77,0.9099998474121094
2022-07-27 00:00:00,18.170000076293945,18.639999389648438,17.75,18.1299991607666,0,18.170000076293945,-0.04000091552734375,-0.22,0.8899993896484375
2022-07-28 00:00:00,18.1299991607666,18.1299991607666,16.84000015258789,17.010000228881836,0,18.1299991607666,-1.1199989318847656,-6.18,1.289999008178711
2022-07-29 00:00:00,17.010000228881836,18.649999618530273,16.489999771118164,16.549999237060547,0,17.010000228881836,-0.46000099182128906,-2.70,2.1599998474121094
2022-08-01 00:00:00,16.549999237060547,17.6299991607666,15.890000343322754,17.489999771118164,0,16.549999237060547,0.9400005340576172,5.68,1.7399988174438477
2022-08-02 00:00:00,17.489999771118164,18.760000228881836,17.489999771118164,18.530000686645508,0,17.489999771118164,1.0400009155273438,5.95,1.2700004577636719
2022-08-03 00:00:00,18.530000686645508,19.170000076293945,17.950000762939453,18.450000762939453,0,18.530000686645508,-0.07999992370605469,-0.43,1.2199993133544922
2022-08-04 00:00:00,18.450000762939453,21.059999465942383,17.6299991607666,19.260000228881836,0,18.450000762939453,0.8099994659423828,4.39,3.4300003051757812
2022-08-05 00:00:00,19.260000228881836,19.389999389648438,18.010000228881836,18.920000076293945,0,19.260000228881836,-0.3400001525878906,-1.77,1.3799991607666016
2022-08-08 00:00:00,18.920000076293945,20.18000030517578,17.780000686645508,19.299999237060547,0,18.920000076293945,0.37999916076660156,2.01,2.3999996185302734
2022-08-10 00:00:00,19.299999237060547,20.770000457763672,18.860000610351562,19.59000015258789,0,19.299999237060547,0.29000091552734375,1.50,1.9099998474121094
2022-08-11 00:00:00,19.59000015258789,19.59000015258789,18.200000762939453,18.360000610351562,0,19.59000015258789,-1.2299995422363281,-6.28,1.3899993896484375
2022-08-12 00:00:00,18.360000610351562,18.520000457763672,17.40999984741211,17.610000610351562,0,18.360000610351562,-0.75,-4.08,1.1100006103515625
2022-08-16 00:00:00,17.610000610351562,18.360000610351562,17.010000228881836,17.68000030517578,0,17.610000610351562,0.06999969482421875,0.40,1.3500003814697266
2022-08-17 00:00:00,17.68000030517578,17.790000915527344,16.549999237060547,17.68000030517578,0,17.68000030517578,0,0.00,1.2400016784667969
2022-08-18 00:00:00,17.68000030517578,18.440000534057617,16.719999313354492,17.350000381469727,0,17.68000030517578,-0.3299999237060547,-1.87,1.720001220703125
2022-08-19 00:00:00,17.350000381469727,18.56999969482422,16.8799991607666,18.290000915527344,0,17.350000381469727,0.9400005340576172,5.42,1.6900005340576172
2022-08-22 00:00:00,18.290000915527344,19.299999237060547,17.200000762939453,19.040000915527344,0,18.290000915527344,0.75,4.10,2.0999984741210938
2022-08-23 00:00:00,19.040000915527344,19.59000015258789,18.18000030517578,19.049999237060547,0,19.040000915527344,0.009998321533203125,0.05,1.4099998474121094
2022-08-24 00:00:00,19.049999237060547,19.34000015258789,17.989999771118164,18.43000030517578,0,19.049999237060547,-0.6199989318847656,-3.25,1.3500003814697266
2022-08-25 00:00:00,18.43000030517578,20.219999313354492,17.270000457763672,19.56999969482422,0,18.43000030517578,1.1399993896484375,6.19,2.9499988555908203
2022-08-26 00:00:00,19.56999969482422,19.56999969482422,15.829999923706055,18.219999313354492,0,19.56999969482422,-1.3500003814697266,-6.90,3.739999771118164
2022-08-29 00:00:00,18.219999313354492,21.209999084472656,18.219999313354492,19.81999969482422,0,18.219999313354492,1.6000003814697266,8.78,2.989999771118164
2022-08-30 00:00:00,19.81999969482422,19.81999969482422,17.260000228881836,18.700000762939453,0,19.81999969482422,-1.1199989318847656,-5.65,2.559999465942383
2022-09-01 00:00:00,18.700000762939453,20.989999771118164,18.110000610351562,19.8700008392334,0,18.700000762939453,1.1700000762939453,6.26,2.8799991607666016
2022-09-02 00:00:00,19.8700008392334,20.139999389648438,17.399999618530273,19.549999237060547,0,19.8700008392334,-0.32000160217285156,-1.61,2.739999771118164
2022-09-05 00:00:00,19.549999237060547,20.290000915527344,19.450000762939453,19.65999984741211,0,19.549999237060547,0.1100006103515625,0.56,0.8400001525878906
2022-09-06 00:00:00,19.65999984741211,20,18.649999618530273,19.520000457763672,0,19.65999984741211,-0.1399993896484375,-0.71,1.3500003814697266
2022-09-07 00:00:00,19.520000457763672,20.18000030517578,18.280000686645508,19.3700008392334,0,19.520000457763672,-0.14999961853027344,-0.77,1.8999996185302734
2022-09-08 00:00:00,19.3700008392334,19.3700008392334,17.299999237060547,18.309999465942383,0,19.3700008392334,-1.0600013732910156,-5.47,2.0700016021728516
2022-09-09 00:00:00,18.309999465942383,18.510000228881836,16.549999237060547,17.719999313354492,0,18.309999465942383,-0.5900001525878906,-3.22,1.960000991821289
2022-09-12 00:00:00,17.719999313354492,18.3799991607666,16.389999389648438,17.940000534057617,0,17.719999313354492,0.220001220703125,1.24,1.989999771118164
2022-09-13 00:00:00,17.940000534057617,17.940000534057617,16.860000610351562,17.469999313354492,0,17.940000534057617,-0.470001220703125,-2.62,1.0799999237060547
2022-09-14 00:00:00,17.469999313354492,18.56999969482422,17.260000228881836,18.280000686645508,0,17.469999313354492,0.8100013732910156,4.64,1.3099994659423828
2022-09-15 00:00:00,18.280000686645508,19.219999313354492,16.780000686645508,18.389999389648438,0,18.280000686645508,0.10999870300292969,0.60,2.4399986267089844
2022-09-16 00:00:00,18.389999389648438,20.239999771118164,18.299999237060547,19.81999969482422,0,18.389999389648438,1.4300003051757812,7.78,1.9400005340576172
2022-09-19 00:00:00,19.81999969482422,21.209999084472656,16.469999313354492,19.940000534057617,0,19.81999969482422,0.12000083923339844,0.61,4.739999771118164
2022-09-20 00:00:00,19.940000534057617,19.940000534057617,18.110000610351562,18.799999237060547,0,19.940000534057617,-1.1400012969970703,-5.72,1.8299999237060547
2022-09-21 00:00:00,18.799999237060547,20.290000915527344,18.309999465942383,19.329999923706055,0,18.799999237060547,0.5300006866455078,2.82,1.980001449584961
2022-09-22 00:00:00,19.329999923706055,20.139999389648438,17.40999984741211,18.81999969482422,0,19.329999923706055,-0.5100002288818359,-2.64,2.729999542236328
2022-09-23 00:00:00,18.81999969482422,20.809999465942383,17.350000381469727,20.59000015258789,0,18.81999969482422,1.7700004577636719,9.40,3.4599990844726562
2022-09-26 00:00:00,20.59000015258789,22.899999618530273,18.809999465942383,21.889999389648438,0,20.59000015258789,1.2999992370605469,6.31,4.090000152587891
2022-09-27 00:00:00,21.889999389648438,22.290000915527344,20.790000915527344,21.56999969482422,0,21.889999389648438,-0.31999969482421875,-1.46,1.5
2022-09-28 00:00:00,21.56999969482422,22.360000610351562,21.489999771118164,22.100000381469727,0,21.56999969482422,0.5300006866455078,2.46,0.8700008392333984
2022-09-29 00:00:00,22.100000381469727,22.290000915527344,21.06999969482422,21.299999237060547,0,22.100000381469727,-0.8000011444091797,-3.62,1.220001220703125
2022-09-30 00:00:00,21.299999237060547,21.989999771118164,19.700000762939453,19.969999313354492,0,21.299999237060547,-1.3299999237060547,-6.24,2.289999008178711
2022-10-03 00:00:00,19.969999313354492,21.68000030517578,19.969999313354492,21.3700008392334,0,19.969999313354492,1.4000015258789062,7.01,1.710000991821289
2022-10-04 00:00:00,21.3700008392334,21.3700008392334,19.450000762939453,19.56999969482422,0,21.3700008392334,-1.8000011444091797,-8.42,1.9200000762939453
2022-10-06 00:00:00,19.56999969482422,20.020000457763672,18.59000015258789,19.31999969482422,0,19.56999969482422,-0.25,-1.28,1.4300003051757812
2022-10-07 00:00:00,19.31999969482422,19.729999542236328,18.690000534057617,18.809999465942383,0,19.31999969482422,-0.5100002288818359,-2.64,1.039999008178711
2022-10-10 00:00:00,18.809999465942383,20.34000015258789,18.809999465942383,19.6200008392334,0,18.809999465942383,0.8100013732910156,4.31,1.5300006866455078
2022-10-11 00:00:00,19.6200008392334,20.81999969482422,19.09000015258789,20.489999771118164,0,19.6200008392334,0.8699989318847656,4.43,1.7299995422363281
2022-10-12 00:00:00,20.489999771118164,20.889999389648438,19.889999389648438,20.18000030517578,0,20.489999771118164,-0.3099994659423828,-1.51,1
2022-10-13 00:00:00,20.18000030517578,20.940000534057617,18.399999618530273,20.290000915527344,0,20.18000030517578,0.1100006103515625,0.55,2.5400009155273438
2022-10-14 00:00:00,20.290000915527344,20.6299991607666,18.079999923706055,18.260000228881836,0,20.290000915527344,-2.030000686645508,-10.00,2.549999237060547
2022-10-17 00:00:00,18.260000228881836,19.079999923706055,18.260000228881836,18.420000076293945,0,18.260000228881836,0.15999984741210938,0.88,0.8199996948242188
2022-10-18 00:00:00,18.420000076293945,18.420000076293945,16.579999923706055,17.450000762939453,0,18.420000076293945,-0.9699993133544922,-5.27,1.8400001525878906
2022-10-19 00:00:00,17.450000762939453,17.559999465942383,16.229999542236328,17.489999771118164,0,17.450000762939453,0.03999900817871094,0.23,1.3299999237060547
2022-10-20 00:00:00,17.489999771118164,17.760000228881836,15.569999694824219,17.229999542236328,0,17.489999771118164,-0.26000022888183594,-1.49,2.190000534057617
2022-10-21 00:00:00,17.229999542236328,17.43000030517578,16.59000015258789,17.280000686645508,0,17.229999542236328,0.05000114440917969,0.29,0.8400001525878906
2022-10-24 00:00:00,17.280000686645508,17.670000076293945,17.06999969482422,17.420000076293945,0,17.280000686645508,0.1399993896484375,0.81,0.6000003814697266
2022-10-25 00:00:00,17.420000076293945,17.6200008392334,16.489999771118164,16.8799991607666,0,17.420000076293945,-0.5400009155273438,-3.10,1.1300010681152344
2022-10-27 00:00:00,16.8799991607666,17.06999969482422,14.789999961853027,16.600000381469727,0,16.8799991607666,-0.279998779296875,-1.66,2.2799997329711914
2022-10-28 00:00:00,16.600000381469727,17.040000915527344,15.850000381469727,15.920000076293945,0,16.600000381469727,-0.6800003051757812,-4.10,1.1900005340576172
2022-10-31 00:00:00,15.920000076293945,16.6299991607666,15.069999694824219,15.800000190734863,0,15.920000076293945,-0.11999988555908203,-0.75,1.5599994659423828
2022-11-01 00:00:00,15.800000190734863,16.200000762939453,15.109999656677246,16.1299991607666,0,15.800000190734863,0.3299989700317383,2.09,1.090001106262207
2022-11-02 00:00:00,16.1299991607666,16.860000610351562,14.680000305175781,16.65999984741211,0,16.1299991607666,0.5300006866455078,3.29,2.1800003051757812
2022-11-03 00:00:00,16.65999984741211,16.729999542236328,14.989999771118164,15.9399995803833,0,16.65999984741211,-0.7200002670288086,-4.32,1.739999771118164
2022-11-04 00:00:00,15.9399995803833,16.209999084472656,15.479999542236328,15.65999984741211,0,15.9399995803833,-0.2799997329711914,-1.76,0.7299995422363281
2022-11-07 00:00:00,15.65999984741211,16.360000610351562,15.279999732971191,15.59000015258789,0,15.65999984741211,-0.06999969482421875,-0.45,1.080000877380371
2022-11-09 00:00:00,15.59000015258789,16.06999969482422,15.020000457763672,15.920000076293945,0,15.59000015258789,0.3299999237060547,2.12,1.0499992370605469
2022-11-10 00:00:00,15.920000076293945,16.290000915527344,15.489999771118164,15.569999694824219,0,15.920000076293945,-0.35000038146972656,-2.20,0.8000011444091797
2022-11-11 00:00:00,15.569999694824219,15.569999694824219,14.279999732971191,14.40999984741211,0,15.569999694824219,-1.1599998474121094,-7.45,1.2899999618530273
2022-11-14 00:00:00,14.40999984741211,15.270000457763672,12.5600004196167,14.90999984741211,0,14.40999984741211,0.5,3.47,2.7100000381469727
2022-11-15 00:00:00,14.90999984741211,15.020000457763672,13.829999923706055,14.640000343322754,0,14.90999984741211,-0.26999950408935547,-1.81,1.1900005340576172
2022-11-16 00:00:00,14.640000343322754,15.529999732971191,13.930000305175781,15.100000381469727,0,14.640000343322754,0.46000003814697266,3.14,1.5999994277954102
2022-11-17 00:00:00,15.100000381469727,16.260000228881836,13.09000015258789,14.880000114440918,0,15.100000381469727,-0.2200002670288086,-1.46,3.1700000762939453
2022-11-18 00:00:00,14.880000114440918,15.6899995803833,13.859999656677246,14.390000343322754,0,14.880000114440918,-0.48999977111816406,-3.29,1.8299999237060547
2022-11-21 00:00:00,14.390000343322754,15.550000190734863,13.359999656677246,14.800000190734863,0,14.390000343322754,0.4099998474121094,2.85,2.190000534057617
2022-11-22 00:00:00,14.800000190734863,16.270000457763672,13.319999694824219,13.84000015258789,0,14.800000190734863,-0.9600000381469727,-6.49,2.950000762939453
2022-11-23 00:00:00,13.84000015258789,14.329999923706055,11.880000114440918,14.039999961853027,0,13.84000015258789,0.19999980926513672,1.45,2.4499998092651367
2022-11-24 00:00:00,14.039999961853027,14.039999961853027,13,13.479999542236328,0,14.039999961853027,-0.5600004196166992,-3.99,1.0399999618530273
2022-11-25 00:00:00,13.479999542236328,15.770000457763672,12.770000457763672,13.329999923706055,0,13.479999542236328,-0.14999961853027344,-1.11,3
2022-11-28 00:00:00,13.329999923706055,14.0600004196167,12.40999984741211,13.569999694824219,0,13.329999923706055,0.23999977111816406,1.80,1.6500005722045898
2022-11-29 00:00:00,13.569999694824219,14.619999885559082,12.40999984741211,13.619999885559082,0,13.569999694824219,0.05000019073486328,0.37,2.2100000381469727
2022-11-30 00:00:00,13.619999885559082,14.050000190734863,12.75,13.8100004196167,0,13.619999885559082,0.1900005340576172,1.40,1.3000001907348633
2022-12-01 00:00:00,13.8100004196167,14.229999542236328,12.989999771118164,13.359999656677246,0,13.8100004196167,-0.4500007629394531,-3.26,1.239999771118164
2022-12-02 00:00:00,13.359999656677246,14.09000015258789,12.960000038146973,13.449999809265137,0,13.359999656677246,0.09000015258789062,0.67,1.130000114440918
2022-12-05 00:00:00,13.449999809265137,14.420000076293945,13.449999809265137,13.729999542236328,0,13.449999809265137,0.2799997329711914,2.08,0.9700002670288086
2022-12-06 00:00:00,13.729999542236328,14.25,12.180000305175781,14.039999961853027,0,13.729999542236328,0.3100004196166992,2.26,2.0699996948242188
2022-12-07 00:00:00,14.039999961853027,14.460000038146973,13.800000190734863,14.079999923706055,0,14.039999961853027,0.039999961853027344,0.28,0.6599998474121094
2022-12-08 00:00:00,14.079999923706055,14.890000343322754,13.260000228881836,13.399999618530273,0,14.079999923706055,-0.6800003051757812,-4.83,1.630000114440918
2022-12-09 00:00:00,13.399999618530273,13.960000038146973,11.90999984741211,13.479999542236328,0,13.399999618530273,0.07999992370605469,0.60,2.0500001907348633
2022-12-12 00:00:00,13.479999542236328,14.149999618530273,12.529999732971191,13.319999694824219,0,13.479999542236328,-0.15999984741210938,-1.19,1.619999885559082
2022-12-13 00:00:00,13.319999694824219,13.579999923706055,11.430000305175781,12.880000114440918,0,13.319999694824219,-0.4399995803833008,-3.30,2.1499996185302734
2022-12-14 00:00:00,12.880000114440918,13.079999923706055,11.529999732971191,12.890000343322754,0,12.880000114440918,0.010000228881835938,0.08,1.5500001907348633
2022-12-15 00:00:00,12.890000343322754,13.880000114440918,12.59000015258789,13.729999542236328,0,12.890000343322754,0.8399991989135742,6.52,1.2899999618530273
2022-12-16 00:00:00,13.729999542236328,14.220000267028809,12.489999771118164,14.069999694824219,0,13.729999542236328,0.3400001525878906,2.48,1.7300004959106445
2022-12-19 00:00:00,14.069999694824219,14.489999771118164,13.5,13.550000190734863,0,14.069999694824219,-0.5199995040893555,-3.70,0.9899997711181641
2022-12-20 00:00:00,13.550000190734863,14.920000076293945,13.039999961853027,13.779999732971191,0,13.550000190734863,0.22999954223632812,1.70,1.880000114440918
2022-12-21 00:00:00,13.779999732971191,16.010000228881836,12.460000038146973,15.5600004196167,0,13.779999732971191,1.7800006866455078,12.92,3.5500001907348633
2022-12-22 00:00:00,15.5600004196167,16.299999237060547,14.4399995803833,15.1899995803833,0,15.5600004196167,-0.37000083923339844,-2.38,1.859999656677246
2022-12-23 00:00:00,15.1899995803833,16.479999542236328,14.479999542236328,16.15999984741211,0,15.1899995803833,0.9700002670288086,6.39,2
2022-12-27 00:00:00,15.930000305175781,16.1299991607666,14.930000305175781,15.289999961853027,0,16.15999984741211,-0.869999885559082,-5.38,1.1999988555908203
2022-12-28 00:00:00,15.289999961853027,15.649999618530273,15.270000457763672,15.399999618530273,0,15.289999961853027,0.1099996566772461,0.72,0.37999916076660156
2022-12-29 00:00:00,15.399999618530273,15.770000457763672,14.710000038146973,14.8100004196167,0,15.399999618530273,-0.5899991989135742,-3.83,1.0600004196166992
2022-12-30 00:00:00,14.8100004196167,15.119999885559082,14.279999732971191,14.869999885559082,0,14.8100004196167,0.05999946594238281,0.41,0.8400001525878906
2023-01-02 00:00:00,14.869999885559082,15.449999809265137,14.569999694824219,14.6899995803833,0,14.869999885559082,-0.18000030517578125,-1.21,0.880000114440918
2023-01-03 00:00:00,14.6899995803833,14.989999771118164,14.3100004196167,14.390000343322754,0,14.6899995803833,-0.2999992370605469,-2.04,0.6799993515014648
2023-01-04 00:00:00,14.390000343322754,15.680000305175781,14.329999923706055,15.199999809265137,0,14.390000343322754,0.8099994659423828,5.63,1.3500003814697266
2023-01-05 00:00:00,15.199999809265137,15.600000381469727,14.8100004196167,14.979999542236328,0,15.199999809265137,-0.2200002670288086,-1.45,0.7899999618530273
2023-01-06 00:00:00,14.979999542236328,15.4399995803833,14.619999885559082,15.029999732971191,0,14.979999542236328,0.05000019073486328,0.33,0.8199996948242188
2023-01-09 00:00:00,15.029999732971191,15.380000114440918,14.529999732971191,14.649999618530273,0,15.029999732971191,-0.38000011444091797,-2.53,0.8500003814697266
2023-01-10 00:00:00,14.649999618530273,15.9399995803833,14.5600004196167,15.510000228881836,0,14.649999618530273,0.8600006103515625,5.87,1.3799991607666016
2023-01-11 00:00:00,15.510000228881836,16.229999542236328,15.119999885559082,15.4399995803833,0,15.510000228881836,-0.07000064849853516,-0.45,1.109999656677246
2023-01-12 00:00:00,15.4399995803833,16.040000915527344,14.420000076293945,15.279999732971191,0,15.4399995803833,-0.15999984741210938,-1.04,1.6200008392333984
2023-01-13 00:00:00,15.279999732971191,15.600000381469727,14.399999618530273,14.460000038146973,0,15.279999732971191,-0.8199996948242188,-5.37,1.2000007629394531
2023-01-16 00:00:00,14.460000038146973,15.359999656677246,14.460000038146973,15.020000457763672,0,14.460000038146973,0.5600004196166992,3.87,0.8999996185302734
2023-01-17 00:00:00,15.020000457763672,15.3100004196167,13.84000015258789,14.59000015258789,0,15.020000457763672,-0.43000030517578125,-2.86,1.4700002670288086
2023-01-18 00:00:00,14.59000015258789,14.75,12.470000267028809,14.369999885559082,0,14.59000015258789,-0.2200002670288086,-1.51,2.2799997329711914
2023-01-19 00:00:00,14.369999885559082,14.829999923706055,13.890000343322754,13.960000038146973,0,14.369999885559082,-0.4099998474121094,-2.85,0.9399995803833008
2023-01-20 00:00:00,13.960000038146973,14.1899995803833,11.640000343322754,13.789999961853027,0,13.960000038146973,-0.1700000762939453,-1.22,2.549999237060547
2023-01-23 00:00:00,13.789999961853027,14.260000228881836,13.479999542236328,13.619999885559082,0,13.789999961853027,-0.1700000762939453,-1.23,0.7800006866455078
2023-01-24 00:00:00,13.619999885559082,13.8100004196167,13.300000190734863,13.65999984741211,0,13.619999885559082,0.039999961853027344,0.29,0.5100002288818359
2023-01-25 00:00:00,13.65999984741211,15.420000076293945,13.520000457763672,14.65999984741211,0,13.65999984741211,1,7.32,1.8999996185302734
2023-01-27 00:00:00,14.65999984741211,18.010000228881836,14.579999923706055,17.31999969482422,0,14.65999984741211,2.6599998474121094,18.14,3.4300003051757812
2023-01-30 00:00:00,17.31999969482422,19.389999389648438,17.290000915527344,17.709999084472656,0,17.31999969482422,0.3899993896484375,2.25,2.0999984741210938
2023-01-31 00:00:00,17.709999084472656,18.3700008392334,16.56999969482422,16.8799991607666,0,17.709999084472656,-0.8299999237060547,-4.69,1.8000011444091797
2023-02-01 00:00:00,16.8799991607666,18.540000915527344,14.850000381469727,16.780000686645508,0,16.8799991607666,-0.09999847412109375,-0.59,3.690000534057617
2023-02-02 00:00:00,16.780000686645508,17.770000457763672,15.510000228881836,15.729999542236328,0,16.780000686645508,-1.0500011444091797,-6.26,2.260000228881836
2023-02-03 00:00:00,15.729999542236328,15.760000228881836,14.270000457763672,14.399999618530273,0,15.729999542236328,-1.3299999237060547,-8.46,1.489999771118164
2023-02-06 00:00:00,14.399999618530273,15.210000038146973,14.1899995803833,14.6899995803833,0,14.399999618530273,0.28999996185302734,2.01,1.0200004577636719
2023-02-07 00:00:00,14.6899995803833,14.880000114440918,13.670000076293945,14.130000114440918,0,14.6899995803833,-0.5599994659423828,-3.81,1.2100000381469727
2023-02-08 00:00:00,14.130000114440918,14.25,13.539999961853027,13.600000381469727,0,14.130000114440918,-0.5299997329711914,-3.75,0.7100000381469727
2023-02-09 00:00:00,13.600000381469727,13.819999694824219,12.0600004196167,13.039999961853027,0,13.600000381469727,-0.5600004196166992,-4.12,1.7599992752075195
2023-02-10 00:00:00,13.039999961853027,13.279999732971191,12.210000038146973,12.75,0,13.039999961853027,-0.28999996185302734,-2.22,1.0699996948242188
2023-02-13 00:00:00,12.75,14.100000381469727,11.829999923706055,13.680000305175781,0,12.75,0.9300003051757812,7.29,2.270000457763672
2023-02-14 00:00:00,13.680000305175781,13.680000305175781,12.449999809265137,13.449999809265137,0,13.680000305175781,-0.23000049591064453,-1.68,1.2300004959106445
2023-02-15 00:00:00,13.449999809265137,13.449999809265137,11.279999732971191,12.859999656677246,0,13.449999809265137,-0.5900001525878906,-4.39,2.1700000762939453
2023-02-16 00:00:00,12.859999656677246,13.15999984741211,10.170000076293945,12.890000343322754,0,12.859999656677246,0.030000686645507812,0.23,2.989999771118164
2023-02-17 00:00:00,12.890000343322754,13.520000457763672,10.800000190734863,13.09000015258789,0,12.890000343322754,0.19999980926513672,1.55,2.7200002670288086
2023-02-20 00:00:00,13.09000015258789,13.710000038146973,10.920000076293945,13.380000114440918,0,13.09000015258789,0.28999996185302734,2.22,2.7899999618530273
2023-02-21 00:00:00,13.380000114440918,14.300000190734863,13.380000114440918,14.010000228881836,0,13.380000114440918,0.630000114440918,4.71,0.9200000762939453
2023-02-22 00:00:00,14.010000228881836,15.920000076293945,12.380000114440918,15.59000015258789,0,14.010000228881836,1.5799999237060547,11.28,3.5399999618530273
2023-02-23 00:00:00,15.59000015258789,16.010000228881836,14.520000457763672,15.079999923706055,0,15.59000015258789,-0.5100002288818359,-3.27,1.489999771118164
2023-02-24 00:00:00,15.079999923706055,15.140000343322754,14.010000228881836,14.1899995803833,0,15.079999923706055,-0.8900003433227539,-5.90,1.130000114440918
2023-02-27 00:00:00,14.1899995803833,15.100000381469727,13.75,13.880000114440918,0,14.1899995803833,-0.3099994659423828,-2.18,1.3500003814697266
2023-02-28 00:00:00,13.880000114440918,14.569999694824219,13.5,14.020000457763672,0,13.880000114440918,0.1400003433227539,1.01,1.0699996948242188
2023-03-01 00:00:00,14.020000457763672,14.020000457763672,12.279999732971191,13,0,14.020000457763672,-1.0200004577636719,-7.28,1.7400007247924805
2023-03-02 00:00:00,13,13.550000190734863,11.100000381469727,12.970000267028809,0,13,-0.029999732971191406,-0.23,2.4499998092651367
2023-03-03 00:00:00,12.970000267028809,12.970000267028809,11.979999542236328,12.180000305175781,0,12.970000267028809,-0.7899999618530273,-6.09,0.9900007247924805
2023-03-06 00:00:00,12.180000305175781,12.470000267028809,11.84000015258789,12.270000457763672,0,12.180000305175781,0.09000015258789062,0.74,0.630000114440918
2023-03-08 00:00:00,12.270000457763672,12.850000381469727,11.899999618530273,12.449999809265137,0,12.270000457763672,0.17999935150146484,1.47,0.9500007629394531
2023-03-09 00:00:00,12.449999809265137,12.84000015258789,11.779999732971191,12.729999542236328,0,12.449999809265137,0.2799997329711914,2.25,1.0600004196166992
2023-03-10 00:00:00,12.729999542236328,13.819999694824219,12.729999542236328,13.40999984741211,0,12.729999542236328,0.6800003051757812,5.34,1.0900001525878906
2023-03-13 00:00:00,13.40999984741211,16.43000030517578,13.40999984741211,16.219999313354492,0,13.40999984741211,2.809999465942383,20.95,3.020000457763672
2023-03-14 00:00:00,16.219999313354492,16.639999389648438,15,16.219999313354492,0,16.219999313354492,0,0.00,1.6399993896484375
2023-03-15 00:00:00,16.219999313354492,16.510000228881836,14.520000457763672,16.299999237060547,0,16.219999313354492,0.07999992370605469,0.49,1.989999771118164
2023-03-16 00:00:00,16.299999237060547,17.360000610351562,13.949999809265137,16.219999313354492,0,16.299999237060547,-0.07999992370605469,-0.49,3.410000801086426
2023-03-17 00:00:00,16.219999313354492,16.219999313354492,14.600000381469727,14.770000457763672,0,16.219999313354492,-1.4499988555908203,-8.94,1.6199989318847656
2023-03-20 00:00:00,14.770000457763672,17.219999313354492,14.520000457763672,16.010000228881836,0,14.770000457763672,1.239999771118164,8.40,2.6999988555908203
2023-03-21 00:00:00,16.010000228881836,16.040000915527344,14.079999923706055,15.079999923706055,0,16.010000228881836,-0.9300003051757812,-5.81,1.960000991821289
2023-03-22 00:00:00,15.079999923706055,15.09000015258789,14.239999771118164,14.8100004196167,0,15.079999923706055,-0.26999950408935547,-1.79,0.8500003814697266
2023-03-23 00:00:00,14.8100004196167,15.0600004196167,13.899999618530273,14.489999771118164,0,14.8100004196167,-0.32000064849853516,-2.16,1.1600008010864258
2023-03-24 00:00:00,14.489999771118164,15.430000305175781,14.199999809265137,15.239999771118164,0,14.489999771118164,0.75,5.18,1.2300004959106445
2023-03-27 00:00:00,15.239999771118164,16.09000015258789,15.100000381469727,15.449999809265137,0,15.239999771118164,0.21000003814697266,1.38,0.9899997711181641
2023-03-28 00:00:00,15.449999809265137,15.609999656677246,14.869999885559082,15.100000381469727,0,15.449999809265137,-0.34999942779541016,-2.27,0.7399997711181641
2023-03-29 00:00:00,15.100000381469727,15.100000381469727,13.319999694824219,13.630000114440918,0,15.100000381469727,-1.4700002670288086,-9.74,1.7800006866455078
2023-03-31 00:00:00,13.630000114440918,13.630000114440918,12.069999694824219,12.9399995803833,0,13.630000114440918,-0.6900005340576172,-5.06,1.5600004196166992
2023-04-03 00:00:00,12.9399995803833,13.489999771118164,12.470000267028809,12.59000015258789,0,12.9399995803833,-0.34999942779541016,-2.70,1.0199995040893555
2023-04-05 00:00:00,12.59000015258789,12.8100004196167,12.050000190734863,12.40999984741211,0,12.59000015258789,-0.18000030517578125,-1.43,0.7600002288818359
2023-04-06 00:00:00,12.40999984741211,12.569999694824219,11.649999618530273,11.800000190734863,0,12.40999984741211,-0.6099996566772461,-4.92,0.9200000762939453
2023-04-10 00:00:00,11.800000190734863,12.5600004196167,11.800000190734863,12.270000457763672,0,11.800000190734863,0.4700002670288086,3.98,0.7600002288818359
2023-04-11 00:00:00,12.270000457763672,12.270000457763672,11.670000076293945,11.979999542236328,0,12.270000457763672,-0.29000091552734375,-2.36,0.6000003814697266
2023-04-12 00:00:00,11.979999542236328,12.399999618530273,11.979999542236328,12.270000457763672,0,11.979999542236328,0.29000091552734375,2.42,0.4200000762939453
2023-04-13 00:00:00,12.270000457763672,12.510000228881836,11.84000015258789,11.90999984741211,0,12.270000457763672,-0.3600006103515625,-2.93,0.6700000762939453
2023-04-17 00:00:00,11.90999984741211,13.270000457763672,11.90999984741211,12.270000457763672,0,11.90999984741211,0.3600006103515625,3.02,1.3600006103515625
2023-04-18 00:00:00,12.270000457763672,12.529999732971191,11.859999656677246,12.079999923706055,0,12.270000457763672,-0.1900005340576172,-1.55,0.6700000762939453
2023-04-19 00:00:00,12.079999923706055,12.470000267028809,11.109999656677246,12.149999618530273,0,12.079999923706055,0.06999969482421875,0.58,1.3600006103515625
2023-04-20 00:00:00,12.149999618530273,12.399999618530273,11.579999923706055,11.9399995803833,0,12.149999618530273,-0.21000003814697266,-1.73,0.8199996948242188
2023-04-21 00:00:00,11.9399995803833,12.039999961853027,11.520000457763672,11.630000114440918,0,11.9399995803833,-0.3099994659423828,-2.60,0.5199995040893555
2023-04-24 00:00:00,11.630000114440918,12.210000038146973,11.579999923706055,11.670000076293945,0,11.630000114440918,0.039999961853027344,0.34,0.630000114440918
2023-04-25 00:00:00,11.670000076293945,11.8100004196167,11.430000305175781,11.520000457763672,0,11.670000076293945,-0.14999961853027344,-1.29,0.38000011444091797
2023-04-26 00:00:00,11.520000457763672,11.899999618530273,11.300000190734863,11.649999618530273,0,11.520000457763672,0.12999916076660156,1.13,0.5999994277954102
2023-04-27 00:00:00,11.649999618530273,12.020000457763672,10.960000038146973,11.430000305175781,0,11.649999618530273,-0.2199993133544922,-1.89,1.0600004196166992
2023-04-28 00:00:00,11.430000305175781,11.539999961853027,10.789999961853027,10.949999809265137,0,11.430000305175781,-0.48000049591064453,-4.20,0.75
2023-05-02 00:00:00,10.949999809265137,12.0600004196167,10.949999809265137,11.899999618530273,0,10.949999809265137,0.9499998092651367,8.68,1.1100006103515625
2023-05-03 00:00:00,11.899999618530273,12.25,11.130000114440918,11.84000015258789,0,11.899999618530273,-0.05999946594238281,-0.50,1.119999885559082
2023-05-04 00:00:00,11.84000015258789,12.029999732971191,11.1899995803833,11.729999542236328,0,11.84000015258789,-0.1100006103515625,-0.93,0.8400001525878906
2023-05-05 00:00:00,11.729999542236328,12.380000114440918,11.529999732971191,12.300000190734863,0,11.729999542236328,0.5700006484985352,4.86,0.8500003814697266
2023-05-08 00:00:00,12.300000190734863,12.90999984741211,11.720000267028809,12.640000343322754,0,12.300000190734863,0.3400001525878906,2.76,1.1899995803833008
2023-05-09 00:00:00,12.640000343322754,12.819999694824219,11.65999984741211,12.680000305175781,0,12.640000343322754,0.039999961853027344,0.32,1.1599998474121094
2023-05-10 00:00:00,12.680000305175781,13.300000190734863,11.539999961853027,13.079999923706055,0,12.680000305175781,0.39999961853027344,3.15,1.760000228881836
2023-05-11 00:00:00,13.079999923706055,13.739999771118164,12.819999694824219,13.220000267028809,0,13.079999923706055,0.1400003433227539,1.07,0.9200000762939453
2023-05-12 00:00:00,13.220000267028809,13.510000228881836,12.739999771118164,12.850000381469727,0,13.220000267028809,-0.36999988555908203,-2.80,0.7700004577636719
2023-05-15 00:00:00,12.850000381469727,13.619999885559082,12.539999961853027,13.170000076293945,0,12.850000381469727,0.31999969482421875,2.49,1.0799999237060547
2023-05-16 00:00:00,13.170000076293945,13.489999771118164,11.710000038146973,13.289999961853027,0,13.170000076293945,0.11999988555908203,0.91,1.7799997329711914
2023-05-17 00:00:00,13.289999961853027,13.579999923706055,11.899999618530273,13.109999656677246,0,13.289999961853027,-0.18000030517578125,-1.35,1.6800003051757812
2023-05-18 00:00:00,13.109999656677246,13.109999656677246,11.140000343322754,12.800000190734863,0,13.109999656677246,-0.3099994659423828,-2.36,1.9699993133544922
2023-05-19 00:00:00,12.800000190734863,12.819999694824219,11.6899995803833,12.300000190734863,0,12.800000190734863,-0.5,-3.91,1.130000114440918
2023-05-22 00:00:00,12.300000190734863,12.819999694824219,11.5600004196167,12.569999694824219,0,12.300000190734863,0.26999950408935547,2.20,1.2599992752075195
2023-05-23 00:00:00,12.569999694824219,13.079999923706055,12.319999694824219,12.609999656677246,0,12.569999694824219,0.039999961853027344,0.32,0.7600002288818359
2023-05-24 00:00:00,12.609999656677246,13.4399995803833,12.40999984741211,13.109999656677246,0,12.609999656677246,0.5,3.97,1.0299997329711914
2023-05-25 00:00:00,13.109999656677246,13.130000114440918,8.180000305175781,12.520000457763672,0,13.109999656677246,-0.5899991989135742,-4.50,4.949999809265137
2023-05-26 00:00:00,12.520000457763672,12.859999656677246,11.699999809265137,11.899999618530273,0,12.520000457763672,-0.6200008392333984,-4.95,1.1599998474121094
2023-05-29 00:00:00,11.899999618530273,12.489999771118164,8.8100004196167,12.300000190734863,0,11.899999618530273,0.40000057220458984,3.36,3.679999351501465
2023-05-30 00:00:00,12.300000190734863,12.380000114440918,11.770000457763672,12.010000228881836,0,12.300000190734863,-0.28999996185302734,-2.36,0.6099996566772461
2023-05-31 00:00:00,12.010000228881836,12.470000267028809,11.579999923706055,11.970000267028809,0,12.010000228881836,-0.039999961853027344,-0.33,0.8900003433227539
2023-06-01 00:00:00,11.970000267028809,11.970000267028809,11.220000267028809,11.600000381469727,0,11.970000267028809,-0.36999988555908203,-3.09,0.75
2023-06-02 00:00:00,11.600000381469727,11.739999771118164,10.859999656677246,11.130000114440918,0,11.600000381469727,-0.4700002670288086,-4.05,0.880000114440918
2023-06-05 00:00:00,11.130000114440918,11.34000015258789,10.319999694824219,11.140000343322754,0,11.130000114440918,0.010000228881835938,0.09,1.0200004577636719
2023-06-06 00:00:00,11.140000343322754,11.619999885559082,10.470000267028809,11.380000114440918,0,11.140000343322754,0.23999977111816406,2.15,1.1499996185302734
2023-06-07 00:00:00,11.380000114440918,11.539999961853027,9.640000343322754,11.4399995803833,0,11.380000114440918,0.05999946594238281,0.53,1.8999996185302734
2023-06-08 00:00:00,11.4399995803833,11.569999694824219,10.130000114440918,11.260000228881836,0,11.4399995803833,-0.17999935150146484,-1.57,1.4399995803833008
2023-06-09 00:00:00,11.260000228881836,11.300000190734863,10.3100004196167,11.119999885559082,0,11.260000228881836,-0.1400003433227539,-1.24,0.9899997711181641
2023-06-12 00:00:00,11.119999885559082,11.800000190734863,10.579999923706055,11.25,0,11.119999885559082,0.13000011444091797,1.17,1.2200002670288086
2023-06-13 00:00:00,11.25,11.25,9.989999771118164,11.109999656677246,0,11.25,-0.1400003433227539,-1.24,1.260000228881836
2023-06-14 00:00:00,11.109999656677246,11.369999885559082,10.630000114440918,11.15999984741211,0,11.109999656677246,0.05000019073486328,0.45,0.7399997711181641
2023-06-15 00:00:00,11.15999984741211,11.369999885559082,9.6899995803833,11.079999923706055,0,11.15999984741211,-0.07999992370605469,-0.72,1.6800003051757812
2023-06-16 00:00:00,11.079999923706055,11.079999923706055,10.5600004196167,10.84000015258789,0,11.079999923706055,-0.23999977111816406,-2.17,0.5199995040893555
2023-06-19 00:00:00,10.84000015258789,11.5,10.329999923706055,11.229999542236328,0,10.84000015258789,0.3899993896484375,3.60,1.1700000762939453
2023-06-20 00:00:00,11.229999542236328,11.4399995803833,10.569999694824219,11.130000114440918,0,11.229999542236328,-0.09999942779541016,-0.89,0.869999885559082
2023-06-21 00:00:00,11.130000114440918,11.430000305175781,10.770000457763672,11.289999961853027,0,11.130000114440918,0.15999984741210938,1.44,0.6599998474121094
2023-06-22 00:00:00,11.289999961853027,11.710000038146973,10.6899995803833,11.550000190734863,0,11.289999961853027,0.26000022888183594,2.30,1.0200004577636719
2023-06-23 00:00:00,11.550000190734863,11.84000015258789,11.140000343322754,11.239999771118164,0,11.550000190734863,-0.3100004196166992,-2.68,0.6999998092651367
2023-06-26 00:00:00,11.239999771118164,11.930000305175781,11.239999771118164,11.399999618530273,0,11.239999771118164,0.15999984741210938,1.42,0.6900005340576172
2023-06-27 00:00:00,11.399999618530273,11.420000076293945,10.6899995803833,10.779999732971191,0,11.399999618530273,-0.619999885559082,-5.44,0.7300004959106445
2023-06-28 00:00:00,10.779999732971191,11.539999961853027,10.649999618530273,10.890000343322754,0,10.779999732971191,0.1100006103515625,1.02,0.8900003433227539
2023-06-30 00:00:00,10.890000343322754,11.220000267028809,10.069999694824219,10.800000190734863,0,10.890000343322754,-0.09000015258789062,-0.83,1.1500005722045898
2023-07-03 00:00:00,10.800000190734863,12.029999732971191,10.800000190734863,11.539999961853027,0,10.800000190734863,0.7399997711181641,6.85,1.2299995422363281
2023-07-04 00:00:00,11.539999961853027,11.989999771118164,11.520000457763672,11.699999809265137,0,11.539999961853027,0.15999984741210938,1.39,0.4699993133544922
2023-07-05 00:00:00,11.699999809265137,12.210000038146973,11.569999694824219,11.880000114440918,0,11.699999809265137,0.18000030517578125,1.54,0.6400003433227539
2023-07-06 00:00:00,11.880000114440918,12.210000038146973,11.779999732971191,11.84000015258789,0,11.880000114440918,-0.039999961853027344,-0.34,0.43000030517578125
2023-07-07 00:00:00,11.84000015258789,12.069999694824219,11.079999923706055,11.529999732971191,0,11.84000015258789,-0.3100004196166992,-2.62,0.9899997711181641
2023-07-10 00:00:00,11.529999732971191,12.010000228881836,11.359999656677246,11.460000038146973,0,11.529999732971191,-0.06999969482421875,-0.61,0.6500005722045898
2023-07-11 00:00:00,11.460000038146973,11.460000038146973,10.949999809265137,11.010000228881836,0,11.460000038146973,-0.4499998092651367,-3.93,0.5100002288818359
2023-07-12 00:00:00,11.010000228881836,11.199999809265137,10.720000267028809,10.9399995803833,0,11.010000228881836,-0.07000064849853516,-0.64,0.4799995422363281
2023-07-13 00:00:00,10.9399995803833,11.170000076293945,10.699999809265137,10.9399995803833,0,10.9399995803833,0,0.00,0.4700002670288086
2023-07-14 00:00:00,10.9399995803833,10.9399995803833,10.609999656677246,10.680000305175781,0,10.9399995803833,-0.25999927520751953,-2.38,0.3299999237060547
2023-07-17 00:00:00,10.680000305175781,11.399999618530273,9.859999656677246,11.319999694824219,0,10.680000305175781,0.6399993896484375,5.99,1.5399999618530273
2023-07-18 00:00:00,11.319999694824219,12.020000457763672,11.069999694824219,11.710000038146973,0,11.319999694824219,0.3900003433227539,3.45,0.9500007629394531
2023-07-19 00:00:00,11.710000038146973,11.9399995803833,11.539999961853027,11.600000381469727,0,11.710000038146973,-0.1099996566772461,-0.94,0.39999961853027344
2023-07-20 00:00:00,11.600000381469727,12.260000228881836,11.369999885559082,11.789999961853027,0,11.600000381469727,0.18999958038330078,1.64,0.8900003433227539
2023-07-21 00:00:00,11.789999961853027,12.029999732971191,11.0600004196167,11.489999771118164,0,11.789999961853027,-0.3000001907348633,-2.54,0.9699993133544922
2023-07-24 00:00:00,11.489999771118164,12,10.539999961853027,11.649999618530273,0,11.489999771118164,0.15999984741210938,1.39,1.4600000381469727
2023-07-25 00:00:00,11.649999618530273,11.649999618530273,10.109999656677246,10.239999771118164,0,11.649999618530273,-1.4099998474121094,-12.10,1.5399999618530273
2023-07-26 00:00:00,10.239999771118164,10.859999656677246,10.220000267028809,10.460000038146973,0,10.239999771118164,0.2200002670288086,2.15,0.6399993896484375
2023-07-27 00:00:00,10.460000038146973,10.979999542236328,9.890000343322754,10.510000228881836,0,10.460000038146973,0.05000019073486328,0.48,1.0899991989135742
2023-07-28 00:00:00,10.510000228881836,10.8100004196167,10.039999961853027,10.140000343322754,0,10.510000228881836,-0.36999988555908203,-3.52,0.7700004577636719
2023-07-31 00:00:00,10.140000343322754,11.1899995803833,10.140000343322754,10.40999984741211,0,10.140000343322754,0.26999950408935547,2.66,1.0499992370605469
2023-08-01 00:00:00,10.40999984741211,10.699999809265137,10.199999809265137,10.279999732971191,0,10.40999984741211,-0.13000011444091797,-1.25,0.5
2023-08-02 00:00:00,10.279999732971191,11.8100004196167,9.949999809265137,11.279999732971191,0,10.279999732971191,1,9.73,1.8600006103515625
2023-08-03 00:00:00,11.279999732971191,11.960000038146973,10.979999542236328,11.1899995803833,0,11.279999732971191,-0.09000015258789062,-0.80,0.9800004959106445
2023-08-04 00:00:00,11.1899995803833,11.1899995803833,10.479999542236328,10.569999694824219,0,11.1899995803833,-0.619999885559082,-5.54,0.7100000381469727
2023-08-07 00:00:00,10.569999694824219,11.420000076293945,10.399999618530273,11.100000381469727,0,10.569999694824219,0.5300006866455078,5.01,1.0200004577636719
2023-08-08 00:00:00,11.100000381469727,11.529999732971191,11.100000381469727,11.329999923706055,0,11.100000381469727,0.22999954223632812,2.07,0.42999935150146484
2023-08-09 00:00:00,11.329999923706055,11.770000457763672,10.489999771118164,11.140000343322754,0,11.329999923706055,-0.18999958038330078,-1.68,1.2800006866455078
2023-08-10 00:00:00,11.140000343322754,11.90999984741211,10.630000114440918,11.399999618530273,0,11.140000343322754,0.25999927520751953,2.33,1.2799997329711914
2023-08-11 00:00:00,11.399999618530273,11.869999885559082,11.359999656677246,11.520000457763672,0,11.399999618530273,0.12000083923339844,1.05,0.5100002288818359
2023-08-14 00:00:00,11.520000457763672,12.760000228881836,10.479999542236328,12,0,11.520000457763672,0.4799995422363281,4.17,2.280000686645508
2023-08-16 00:00:00,12,12.680000305175781,12,12.130000114440918,0,12,0.13000011444091797,1.08,0.6800003051757812
2023-08-17 00:00:00,12.130000114440918,12.670000076293945,12.109999656677246,12.239999771118164,0,12.130000114440918,0.1099996566772461,0.91,0.5600004196166992
2023-08-18 00:00:00,12.239999771118164,12.489999771118164,10.789999961853027,12.140000343322754,0,12.239999771118164,-0.09999942779541016,-0.82,1.6999998092651367
2023-08-21 00:00:00,12.140000343322754,12.59000015258789,11.170000076293945,11.960000038146973,0,12.140000343322754,-0.18000030517578125,-1.48,1.4200000762939453
2023-08-22 00:00:00,11.960000038146973,12.09000015258789,11.59000015258789,11.75,0,11.960000038146973,-0.21000003814697266,-1.76,0.5
2023-08-23 00:00:00,11.75,11.890000343322754,10.3100004196167,11.729999542236328,0,11.75,-0.020000457763671875,-0.17,1.5799999237060547
2023-08-24 00:00:00,11.729999542236328,12.239999771118164,10.199999809265137,11.699999809265137,0,11.729999542236328,-0.029999732971191406,-0.26,2.0399999618530273
2023-08-25 00:00:00,11.699999809265137,12.239999771118164,9.979999542236328,12.079999923706055,0,11.699999809265137,0.38000011444091797,3.25,2.260000228881836
2023-08-28 00:00:00,12.079999923706055,12.720000267028809,9.5,12.399999618530273,0,12.079999923706055,0.31999969482421875,2.65,3.2200002670288086
2023-08-29 00:00:00,12.399999618530273,12.460000038146973,10.649999618530273,12.229999542236328,0,12.399999618530273,-0.1700000762939453,-1.37,1.8100004196166992
2023-08-30 00:00:00,12.229999542236328,12.239999771118164,11.460000038146973,11.800000190734863,0,12.229999542236328,-0.42999935150146484,-3.52,0.7799997329711914
2023-08-31 00:00:00,11.800000190734863,12.279999732971191,11.760000228881836,12.0600004196167,0,11.800000190734863,0.26000022888183594,2.20,0.5199995040893555
2023-09-01 00:00:00,12.0600004196167,12.180000305175781,10.40999984741211,11.369999885559082,0,12.0600004196167,-0.6900005340576172,-5.72,1.7700004577636719
2023-09-04 00:00:00,11.369999885559082,11.539999961853027,10.859999656677246,10.960000038146973,0,11.369999885559082,-0.4099998474121094,-3.61,0.6800003051757812
2023-09-05 00:00:00,10.960000038146973,11.09000015258789,9.369999885559082,10.819999694824219,0,10.960000038146973,-0.1400003433227539,-1.28,1.7200002670288086
2023-09-06 00:00:00,10.819999694824219,10.979999542236328,9.8100004196167,10.680000305175781,0,10.819999694824219,-0.1399993896484375,-1.29,1.169999122619629
2023-09-07 00:00:00,10.680000305175781,11.029999732971191,9.800000190734863,10.869999885559082,0,10.680000305175781,0.18999958038330078,1.78,1.2299995422363281
2023-09-08 00:00:00,10.869999885559082,10.970000267028809,10.079999923706055,10.779999732971191,0,10.869999885559082,-0.09000015258789062,-0.83,0.8900003433227539
2023-09-11 00:00:00,10.779999732971191,11.5,10.34000015258789,11.350000381469727,0,10.779999732971191,0.5700006484985352,5.29,1.1599998474121094
2023-09-12 00:00:00,11.350000381469727,12.020000457763672,10.710000038146973,11.6899995803833,0,11.350000381469727,0.3399991989135742,3.00,1.3100004196166992
2023-09-13 00:00:00,11.6899995803833,12.050000190734863,11.539999961853027,11.829999923706055,0,11.6899995803833,0.1400003433227539,1.20,0.5100002288818359
2023-09-14 00:00:00,11.829999923706055,12.039999961853027,11.210000038146973,11.319999694824219,0,11.829999923706055,-0.5100002288818359,-4.31,0.8299999237060547
2023-09-15 00:00:00,11.319999694824219,11.319999694824219,10.069999694824219,10.899999618530273,0,11.319999694824219,-0.4200000762939453,-3.71,1.25
2023-09-18 00:00:00,10.899999618530273,11.40999984741211,10.449999809265137,10.84000015258789,0,10.899999618530273,-0.05999946594238281,-0.55,0.9600000381469727
2023-09-20 00:00:00,10.84000015258789,11.470000267028809,10.84000015258789,11.130000114440918,0,10.84000015258789,0.28999996185302734,2.68,0.630000114440918
2023-09-21 00:00:00,11.130000114440918,11.390000343322754,10.619999885559082,10.819999694824219,0,11.130000114440918,-0.3100004196166992,-2.79,0.7700004577636719
2023-09-22 00:00:00,10.819999694824219,11.069999694824219,10.390000343322754,10.65999984741211,0,10.819999694824219,-0.15999984741210938,-1.48,0.6799993515014648
2023-09-25 00:00:00,10.65999984741211,11.3100004196167,10.270000457763672,10.899999618530273,0,10.65999984741211,0.23999977111816406,2.25,1.0399999618530273
2023-09-26 00:00:00,10.899999618530273,11.289999961853027,9.25,11.1899995803833,0,10.899999618530273,0.28999996185302734,2.66,2.0399999618530273
2023-09-27 00:00:00,11.1899995803833,11.819999694824219,9.390000343322754,11.59000015258789,0,11.1899995803833,0.40000057220458984,3.57,2.429999351501465
2023-09-28 00:00:00,11.59000015258789,13.020000457763672,9.399999618530273,12.819999694824219,0,11.59000015258789,1.2299995422363281,10.61,3.6200008392333984
2023-09-29 00:00:00,12.819999694824219,12.819999694824219,11.3100004196167,11.449999809265137,0,12.819999694824219,-1.369999885559082,-10.69,1.5099992752075195
2023-10-03 00:00:00,11.449999809265137,12.40999984741211,10.779999732971191,11.789999961853027,0,11.449999809265137,0.3400001525878906,2.97,1.630000114440918
2023-10-04 00:00:00,11.789999961853027,12.220000267028809,11.119999885559082,11.65999984741211,0,11.789999961853027,-0.13000011444091797,-1.10,1.1000003814697266
2023-10-05 00:00:00,11.65999984741211,11.65999984741211,10.84000015258789,10.9399995803833,0,11.65999984741211,-0.7200002670288086,-6.17,0.8199996948242188
2023-10-06 00:00:00,10.9399995803833,10.9399995803833,9.729999542236328,10.300000190734863,0,10.9399995803833,-0.6399993896484375,-5.85,1.2100000381469727
2023-10-09 00:00:00,10.300000190734863,11.630000114440918,10.119999885559082,11.399999618530273,0,10.300000190734863,1.0999994277954102,10.68,1.510000228881836
2023-10-10 00:00:00,11.399999618530273,11.399999618530273,10.859999656677246,11.270000457763672,0,11.399999618530273,-0.12999916076660156,-1.14,0.5399999618530273
2023-10-11 00:00:00,11.270000457763672,11.319999694824219,10.390000343322754,10.989999771118164,0,11.270000457763672,-0.2800006866455078,-2.48,0.9299993515014648
2023-10-12 00:00:00,10.989999771118164,11.119999885559082,10.569999694824219,10.619999885559082,0,10.989999771118164,-0.36999988555908203,-3.37,0.5500001907348633
2023-10-13 00:00:00,10.619999885559082,11.029999732971191,10.399999618530273,10.619999885559082,0,10.619999885559082,0,0.00,0.630000114440918
2023-10-16 00:00:00,10.619999885559082,11.149999618530273,9.149999618530273,11.069999694824219,0,10.619999885559082,0.4499998092651367,4.24,2
2023-10-17 00:00:00,11.069999694824219,11.069999694824219,10.430000305175781,10.699999809265137,0,11.069999694824219,-0.36999988555908203,-3.34,0.6399993896484375
2023-10-18 00:00:00,10.699999809265137,11.170000076293945,10.489999771118164,10.970000267028809,0,10.699999809265137,0.2700004577636719,2.52,0.6800003051757812
2023-10-19 00:00:00,10.970000267028809,11.210000038146973,10.050000190734863,10.899999618530273,0,10.970000267028809,-0.07000064849853516,-0.64,1.1599998474121094
2023-10-20 00:00:00,10.899999618530273,11.09000015258789,10.069999694824219,10.819999694824219,0,10.899999618530273,-0.07999992370605469,-0.73,1.0200004577636719
2023-10-23 00:00:00,10.819999694824219,11.359999656677246,8.819999694824219,10.90999984741211,0,10.819999694824219,0.09000015258789062,0.83,2.5399999618530273
2023-10-25 00:00:00,10.90999984741211,12.180000305175781,9.970000267028809,11.3100004196167,0,10.90999984741211,0.40000057220458984,3.67,2.2100000381469727
2023-10-26 00:00:00,11.3100004196167,12.699999809265137,11.3100004196167,11.729999542236328,0,11.3100004196167,0.4199991226196289,3.71,1.3899993896484375
2023-10-27 00:00:00,11.729999542236328,12.3100004196167,10.670000076293945,10.90999984741211,0,11.729999542236328,-0.8199996948242188,-6.99,1.640000343322754
2023-10-30 00:00:00,10.90999984741211,12.1899995803833,10.90999984741211,11.489999771118164,0,10.90999984741211,0.5799999237060547,5.32,1.2799997329711914
2023-10-31 00:00:00,11.489999771118164,12.289999961853027,11.260000228881836,11.829999923706055,0,11.489999771118164,0.3400001525878906,2.96,1.0299997329711914
2023-11-01 00:00:00,11.829999923706055,12.199999809265137,11.829999923706055,12.050000190734863,0,11.829999923706055,0.2200002670288086,1.86,0.36999988555908203
2023-11-02 00:00:00,12.050000190734863,12.050000190734863,10.949999809265137,11.079999923706055,0,12.050000190734863,-0.9700002670288086,-8.05,1.1000003814697266
2023-11-03 00:00:00,11.079999923706055,11.079999923706055,10.640000343322754,10.880000114440918,0,11.079999923706055,-0.19999980926513672,-1.81,0.4399995803833008
2023-11-06 00:00:00,10.880000114440918,11.279999732971191,10.380000114440918,11.109999656677246,0,10.880000114440918,0.22999954223632812,2.11,0.8999996185302734
2023-11-07 00:00:00,11.109999656677246,12.180000305175781,11,11.1899995803833,0,11.109999656677246,0.07999992370605469,0.72,1.1800003051757812
2023-11-08 00:00:00,11.1899995803833,11.329999923706055,10.630000114440918,11.039999961853027,0,11.1899995803833,-0.14999961853027344,-1.34,0.6999998092651367
2023-11-09 00:00:00,11.039999961853027,11.25,10.369999885559082,10.979999542236328,0,11.039999961853027,-0.06000041961669922,-0.54,0.880000114440918
2023-11-10 00:00:00,10.979999542236328,11.359999656677246,9.859999656677246,11.109999656677246,0,10.979999542236328,0.13000011444091797,1.18,1.5
2023-11-13 00:00:00,11.350000381469727,11.630000114440918,10.5,11.1899995803833,0,11.109999656677246,0.07999992370605469,0.72,1.130000114440918
2023-11-15 00:00:00,11.1899995803833,11.420000076293945,8.399999618530273,11.140000343322754,0,11.1899995803833,-0.049999237060546875,-0.45,3.020000457763672
2023-11-16 00:00:00,11.140000343322754,11.8100004196167,10.619999885559082,11.649999618530273,0,11.140000343322754,0.5099992752075195,4.58,1.1900005340576172
2023-11-17 00:00:00,11.649999618530273,12.09000015258789,10.1899995803833,11.829999923706055,0,11.649999618530273,0.18000030517578125,1.55,1.9000005722045898
2023-11-20 00:00:00,11.829999923706055,12.670000076293945,11.199999809265137,12.149999618530273,0,11.829999923706055,0.31999969482421875,2.70,1.4700002670288086
2023-11-21 00:00:00,12.149999618530273,12.4399995803833,10.760000228881836,12.229999542236328,0,12.149999618530273,0.07999992370605469,0.66,1.6799993515014648
2023-11-22 00:00:00,12.229999542236328,12.710000038146973,11.020000457763672,11.869999885559082,0,12.229999542236328,-0.3599996566772461,-2.94,1.6899995803833008
2023-11-23 00:00:00,11.869999885559082,12.140000343322754,10.979999542236328,11.319999694824219,0,11.869999885559082,-0.5500001907348633,-4.63,1.1600008010864258
2023-11-24 00:00:00,11.319999694824219,11.470000267028809,8.680000305175781,11.329999923706055,0,11.319999694824219,0.010000228881835938,0.09,2.7899999618530273
2023-11-28 00:00:00,11.329999923706055,12.489999771118164,11.069999694824219,12.180000305175781,0,11.329999923706055,0.8500003814697266,7.50,1.4200000762939453
2023-11-29 00:00:00,12.180000305175781,14.460000038146973,11.329999923706055,12.710000038146973,0,12.180000305175781,0.5299997329711914,4.35,3.130000114440918
2023-11-30 00:00:00,12.710000038146973,13.350000381469727,11.760000228881836,12.6899995803833,0,12.710000038146973,-0.020000457763671875,-0.16,1.5900001525878906
2023-12-01 00:00:00,12.6899995803833,12.760000228881836,11.779999732971191,12.380000114440918,0,12.6899995803833,-0.3099994659423828,-2.44,0.9800004959106445
2023-12-04 00:00:00,12.380000114440918,13.15999984741211,11.34000015258789,12.989999771118164,0,12.380000114440918,0.6099996566772461,4.93,1.8199996948242188
2023-12-05 00:00:00,12.989999771118164,13.880000114440918,11.479999542236328,13.460000038146973,0,12.989999771118164,0.4700002670288086,3.62,2.40000057220459
2023-12-06 00:00:00,13.460000038146973,14.09000015258789,12.6899995803833,13.739999771118164,0,13.460000038146973,0.2799997329711914,2.08,1.4000005722045898
2023-12-07 00:00:00,13.739999771118164,13.739999771118164,12.550000190734863,12.670000076293945,0,13.739999771118164,-1.0699996948242188,-7.79,1.1899995803833008
2023-12-08 00:00:00,12.670000076293945,12.880000114440918,12.140000343322754,12.470000267028809,0,12.670000076293945,-0.19999980926513672,-1.58,0.7399997711181641
2023-12-11 00:00:00,12.470000267028809,13.119999885559082,12.229999542236328,12.760000228881836,0,12.470000267028809,0.28999996185302734,2.33,0.8900003433227539
2023-12-12 00:00:00,12.760000228881836,12.869999885559082,11.6899995803833,12.710000038146973,0,12.760000228881836,-0.05000019073486328,-0.39,1.1800003051757812
2023-12-13 00:00:00,12.710000038146973,12.819999694824219,11.539999961853027,12.069999694824219,0,12.710000038146973,-0.6400003433227539,-5.04,1.2799997329711914
2023-12-14 00:00:00,12.069999694824219,12.510000228881836,11,12.319999694824219,0,12.069999694824219,0.25,2.07,1.510000228881836
2023-12-15 00:00:00,12.319999694824219,13.34000015258789,10.800000190734863,13.130000114440918,0,12.319999694824219,0.8100004196166992,6.57,2.5399999618530273
2023-12-18 00:00:00,13.130000114440918,14.119999885559082,13.130000114440918,13.899999618530273,0,13.130000114440918,0.7699995040893555,5.86,0.9899997711181641
2023-12-19 00:00:00,13.899999618530273,14.119999885559082,13.550000190734863,13.869999885559082,0,13.899999618530273,-0.029999732971191406,-0.22,0.5699996948242188
2023-12-20 00:00:00,13.869999885559082,14.869999885559082,12.779999732971191,14.449999809265137,0,13.869999885559082,0.5799999237060547,4.18,2.0900001525878906
2023-12-21 00:00:00,14.449999809265137,15.010000228881836,12.279999732971191,13.760000228881836,0,14.449999809265137,-0.6899995803833008,-4.78,2.7300004959106445
2023-12-22 00:00:00,13.760000228881836,13.989999771118164,12.229999542236328,13.710000038146973,0,13.760000228881836,-0.05000019073486328,-0.36,1.760000228881836
2023-12-26 00:00:00,13.710000038146973,14.949999809265137,13.710000038146973,14.680000305175781,0,13.710000038146973,0.9700002670288086,7.08,1.239999771118164
2023-12-27 00:00:00,14.680000305175781,15.729999542236328,14.470000267028809,15.5600004196167,0,14.680000305175781,0.880000114440918,5.99,1.2599992752075195
2023-12-28 00:00:00,15.5600004196167,16.469999313354492,14.960000038146973,15.140000343322754,0,15.5600004196167,-0.4200000762939453,-2.70,1.5099992752075195
2023-12-29 00:00:00,15.140000343322754,15.430000305175781,14.369999885559082,14.5,0,15.140000343322754,-0.6400003433227539,-4.23,1.0600004196166992
2024-01-02 00:00:00,14.680000305175781,15.079999923706055,14.239999771118164,14.579999923706055,0,14.5,0.07999992370605469,0.55,0.8400001525878906
2024-01-03 00:00:00,14.579999923706055,14.779999732971191,14.020000457763672,14.100000381469727,0,14.579999923706055,-0.4799995422363281,-3.29,0.7599992752075195
2024-01-04 00:00:00,14.100000381469727,14.210000038146973,13.210000038146973,13.329999923706055,0,14.100000381469727,-0.7700004577636719,-5.46,1
2024-01-05 00:00:00,13.329999923706055,13.470000267028809,12.489999771118164,12.630000114440918,0,13.329999923706055,-0.6999998092651367,-5.25,0.9800004959106445
2024-01-08 00:00:00,12.630000114440918,13.600000381469727,12.630000114440918,13.460000038146973,0,12.630000114440918,0.8299999237060547,6.57,0.9700002670288086
2024-01-09 00:00:00,13.460000038146973,13.510000228881836,12.779999732971191,13.260000228881836,0,13.460000038146973,-0.19999980926513672,-1.49,0.7300004959106445
2024-01-10 00:00:00,13.260000228881836,14.5600004196167,12.8100004196167,12.970000267028809,0,13.260000228881836,-0.28999996185302734,-2.19,1.75
2024-01-11 00:00:00,12.970000267028809,13.1899995803833,12.630000114440918,12.770000457763672,0,12.970000267028809,-0.19999980926513672,-1.54,0.5599994659423828
2024-01-12 00:00:00,12.770000457763672,13.289999961853027,12.420000076293945,13.100000381469727,0,12.770000457763672,0.3299999237060547,2.58,0.869999885559082
2024-01-15 00:00:00,13.100000381469727,13.890000343322754,11.789999961853027,13.789999961853027,0,13.100000381469727,0.6899995803833008,5.27,2.1000003814697266
2024-01-16 00:00:00,13.789999961853027,14.039999961853027,12.489999771118164,13.569999694824219,0,13.789999961853027,-0.2200002670288086,-1.60,1.5500001907348633
2024-01-17 00:00:00,13.569999694824219,15.229999542236328,12.720000267028809,15.079999923706055,0,13.569999694824219,1.510000228881836,11.13,2.5099992752075195
2024-01-18 00:00:00,15.079999923706055,15.710000038146973,12.979999542236328,14.069999694824219,0,15.079999923706055,-1.010000228881836,-6.70,2.7300004959106445
2024-01-19 00:00:00,14.069999694824219,14.109999656677246,13.680000305175781,13.880000114440918,0,14.069999694824219,-0.18999958038330078,-1.35,0.42999935150146484
2024-01-23 00:00:00,13.800000190734863,15.40999984741211,12.199999809265137,14.850000381469727,0,13.880000114440918,0.9700002670288086,6.99,3.2100000381469727
2024-01-24 00:00:00,14.850000381469727,15.649999618530273,14.029999732971191,14.380000114440918,0,14.850000381469727,-0.4700002670288086,-3.16,1.619999885559082
2024-01-25 00:00:00,14.380000114440918,15.34000015258789,13.359999656677246,13.869999885559082,0,14.380000114440918,-0.5100002288818359,-3.55,1.9800004959106445
2024-01-29 00:00:00,13.869999885559082,15.850000381469727,13.800000190734863,15.680000305175781,0,13.869999885559082,1.8100004196166992,13.05,2.0500001907348633
2024-01-30 00:00:00,15.680000305175781,16.579999923706055,14.989999771118164,16.100000381469727,0,15.680000305175781,0.4200000762939453,2.68,1.5900001525878906
2024-01-31 00:00:00,16.100000381469727,16.530000686645508,15.800000190734863,16.049999237060547,0,16.100000381469727,-0.05000114440917969,-0.31,0.7300004959106445
2024-02-01 00:00:00,16.049999237060547,16.110000610351562,14.359999656677246,14.460000038146973,0,16.049999237060547,-1.5899991989135742,-9.91,1.7500009536743164
2024-02-02 00:00:00,14.460000038146973,15.130000114440918,14.029999732971191,14.699999809265137,0,14.460000038146973,0.23999977111816406,1.66,1.1000003814697266
2024-02-05 00:00:00,14.699999809265137,16.049999237060547,14.699999809265137,15.619999885559082,0,14.699999809265137,0.9200000762939453,6.26,1.3499994277954102
2024-02-06 00:00:00,15.619999885559082,15.979999542236328,15.09000015258789,15.789999961853027,0,15.619999885559082,0.1700000762939453,1.09,0.8899993896484375
2024-02-07 00:00:00,15.789999961853027,16.020000457763672,14.739999771118164,15.510000228881836,0,15.789999961853027,-0.2799997329711914,-1.77,1.2800006866455078
2024-02-08 00:00:00,15.510000228881836,16.030000686645508,15.239999771118164,15.829999923706055,0,15.510000228881836,0.31999969482421875,2.06,0.7900009155273438
2024-02-09 00:00:00,15.829999923706055,16.329999923706055,15.270000457763672,15.449999809265137,0,15.829999923706055,-0.38000011444091797,-2.40,1.0599994659423828
2024-02-12 00:00:00,15.449999809265137,16.540000915527344,15.449999809265137,16.059999465942383,0,15.449999809265137,0.6099996566772461,3.95,1.090001106262207
2024-02-13 00:00:00,16.059999465942383,16.56999969482422,15.75,15.8100004196167,0,16.059999465942383,-0.2499990463256836,-1.56,0.8199996948242188
2024-02-14 00:00:00,15.8100004196167,16.200000762939453,15.34000015258789,15.4399995803833,0,15.8100004196167,-0.37000083923339844,-2.34,0.8600006103515625
2024-02-15 00:00:00,15.4399995803833,15.65999984741211,15.109999656677246,15.229999542236328,0,15.4399995803833,-0.21000003814697266,-1.36,0.5500001907348633
2024-02-16 00:00:00,15.229999542236328,15.550000190734863,14.899999618530273,15.220000267028809,0,15.229999542236328,-0.009999275207519531,-0.07,0.6500005722045898
2024-02-20 00:00:00,16.020000457763672,16.360000610351562,14.210000038146973,16.06999969482422,0,15.220000267028809,0.8499994277954102,5.58,2.15000057220459
2024-02-21 00:00:00,16.06999969482422,16.309999465942383,15.680000305175781,15.930000305175781,0,16.06999969482422,-0.1399993896484375,-0.87,0.6299991607666016
2024-02-22 00:00:00,15.930000305175781,16.149999618530273,15.130000114440918,15.199999809265137,0,15.930000305175781,-0.7300004959106445,-4.58,1.0199995040893555
2024-02-23 00:00:00,15.199999809265137,15.4399995803833,14.84000015258789,14.970000267028809,0,15.199999809265137,-0.22999954223632812,-1.51,0.5999994277954102
2024-02-26 00:00:00,14.970000267028809,15.960000038146973,13.760000228881836,15.600000381469727,0,14.970000267028809,0.630000114440918,4.21,2.1999998092651367
2024-02-27 00:00:00,15.600000381469727,16,15.529999732971191,15.729999542236328,0,15.600000381469727,0.12999916076660156,0.83,0.4700002670288086
2024-02-28 00:00:00,15.729999542236328,16.739999771118164,15.3100004196167,16.329999923706055,0,15.729999542236328,0.6000003814697266,3.81,1.4299993515014648
2024-02-29 00:00:00,16.329999923706055,16.549999237060547,15.369999885559082,15.569999694824219,0,16.329999923706055,-0.7600002288818359,-4.65,1.1799993515014648
2024-03-01 00:00:00,15.569999694824219,15.640000343322754,15,15.239999771118164,0,15.569999694824219,-0.3299999237060547,-2.12,0.6400003433227539
2024-03-04 00:00:00,14.989999771118164,15.300000190734863,14.819999694824219,14.920000076293945,0,15.239999771118164,-0.31999969482421875,-2.10,0.48000049591064453
2024-03-05 00:00:00,14.920000076293945,15.170000076293945,14.180000305175781,14.380000114440918,0,14.920000076293945,-0.5399999618530273,-3.62,0.9899997711181641
2024-03-06 00:00:00,14.380000114440918,14.710000038146973,13.90999984741211,14.300000190734863,0,14.380000114440918,-0.07999992370605469,-0.56,0.8000001907348633
2024-03-07 00:00:00,14.300000190734863,14.430000305175781,13.5600004196167,13.609999656677246,0,14.300000190734863,-0.6900005340576172,-4.83,0.869999885559082
2024-03-11 00:00:00,13.609999656677246,14.550000190734863,13.609999656677246,14,0,13.609999656677246,0.3900003433227539,2.87,0.9400005340576172
2024-03-12 00:00:00,14,14.199999809265137,13.579999923706055,13.640000343322754,0,14,-0.3599996566772461,-2.57,0.619999885559082
2024-03-13 00:00:00,13.640000343322754,15.010000228881836,13.529999732971191,14.430000305175781,0,13.640000343322754,0.7899999618530273,5.79,1.4800004959106445
2024-03-14 00:00:00,14.430000305175781,14.680000305175781,13.520000457763672,13.619999885559082,0,14.430000305175781,-0.8100004196166992,-5.61,1.1599998474121094
2024-03-15 00:00:00,13.619999885559082,14.329999923706055,13.59000015258789,13.6899995803833,0,13.619999885559082,0.06999969482421875,0.51,0.7399997711181641
2024-03-18 00:00:00,13.6899995803833,14.619999885559082,13.6899995803833,13.899999618530273,0,13.6899995803833,0.21000003814697266,1.53,0.9300003051757812
2024-03-19 00:00:00,13.899999618530273,14.449999809265137,13.880000114440918,14.109999656677246,0,13.899999618530273,0.21000003814697266,1.51,0.5699996948242188
2024-03-20 00:00:00,14.109999656677246,14.279999732971191,13.09000015258789,13.470000267028809,0,14.109999656677246,-0.6399993896484375,-4.54,1.1899995803833008
2024-03-21 00:00:00,13.470000267028809,13.470000267028809,12.34000015258789,12.510000228881836,0,13.470000267028809,-0.9600000381469727,-7.13,1.130000114440918
2024-03-22 00:00:00,12.510000228881836,13.050000190734863,11.8100004196167,12.220000267028809,0,12.510000228881836,-0.28999996185302734,-2.32,1.239999771118164
2024-03-26 00:00:00,12.220000267028809,13.100000381469727,12.09000015258789,12.819999694824219,0,12.220000267028809,0.5999994277954102,4.91,1.010000228881836
2024-03-27 00:00:00,12.819999694824219,13.010000228881836,12.529999732971191,12.699999809265137,0,12.819999694824219,-0.11999988555908203,-0.94,0.48000049591064453
2024-03-28 00:00:00,12.699999809265137,13.180000305175781,12.260000228881836,12.829999923706055,0,12.699999809265137,0.13000011444091797,1.02,0.9200000762939453
2024-04-01 00:00:00,12.829999923706055,13.359999656677246,12.010000228881836,12.079999923706055,0,12.829999923706055,-0.75,-5.85,1.3499994277954102
2024-04-02 00:00:00,12.079999923706055,12.3100004196167,11.600000381469727,11.649999618530273,0,12.079999923706055,-0.43000030517578125,-3.56,0.7100000381469727
2024-04-03 00:00:00,11.649999618530273,11.829999923706055,11.3100004196167,11.369999885559082,0,11.649999618530273,-0.2799997329711914,-2.40,0.5199995040893555
2024-04-04 00:00:00,11.369999885559082,11.84000015258789,10.859999656677246,11.220000267028809,0,11.369999885559082,-0.14999961853027344,-1.32,0.9800004959106445
2024-04-05 00:00:00,11.220000267028809,11.680000305175781,11.039999961853027,11.34000015258789,0,11.220000267028809,0.11999988555908203,1.07,0.6400003433227539
2024-04-08 00:00:00,11.34000015258789,11.739999771118164,11.130000114440918,11.609999656677246,0,11.34000015258789,0.26999950408935547,2.38,0.6099996566772461
2024-04-09 00:00:00,11.609999656677246,11.609999656677246,10.619999885559082,11.359999656677246,0,11.609999656677246,-0.25,-2.15,0.9899997711181641
2024-04-10 00:00:00,11.359999656677246,11.359999656677246,10.989999771118164,11.109999656677246,0,11.359999656677246,-0.25,-2.20,0.36999988555908203
2024-04-12 00:00:00,11.109999656677246,11.609999656677246,11.109999656677246,11.529999732971191,0,11.109999656677246,0.4200000762939453,3.78,0.5
2024-04-15 00:00:00,11.529999732971191,12.739999771118164,11.3100004196167,12.470000267028809,0,11.529999732971191,0.9400005340576172,8.15,1.4299993515014648
2024-04-16 00:00:00,12.470000267028809,12.930000305175781,12.34000015258789,12.619999885559082,0,12.470000267028809,0.14999961853027344,1.20,0.5900001525878906
2024-04-18 00:00:00,12.619999885559082,13.390000343322754,12.029999732971191,13.039999961853027,0,12.619999885559082,0.4200000762939453,3.33,1.3600006103515625
2024-04-19 00:00:00,13.039999961853027,14.40999984741211,11.920000076293945,13.460000038146973,0,13.039999961853027,0.4200000762939453,3.22,2.489999771118164
2024-04-22 00:00:00,13.460000038146973,13.460000038146973,12.609999656677246,12.699999809265137,0,13.460000038146973,-0.7600002288818359,-5.65,0.8500003814697266
2024-04-23 00:00:00,12.699999809265137,12.699999809265137,9.859999656677246,10.199999809265137,0,12.699999809265137,-2.5,-19.69,2.8400001525878906
2024-04-24 00:00:00,10.199999809265137,11.130000114440918,9.949999809265137,10.279999732971191,0,10.199999809265137,0.07999992370605469,0.78,1.1800003051757812
2024-04-25 00:00:00,10.279999732971191,11.460000038146973,10.260000228881836,10.729999542236328,0,10.279999732971191,0.4499998092651367,4.38,1.1999998092651367
2024-04-26 00:00:00,10.729999542236328,11.319999694824219,10.59000015258789,10.930000305175781,0,10.729999542236328,0.20000076293945312,1.86,0.7299995422363281
2024-04-29 00:00:00,10.930000305175781,12.489999771118164,10.930000305175781,12.239999771118164,0,10.930000305175781,1.3099994659423828,11.99,1.5599994659423828
2024-04-30 00:00:00,12.239999771118164,13.210000038146973,12.239999771118164,12.869999885559082,0,12.239999771118164,0.630000114440918,5.15,0.9700002670288086
2024-05-02 00:00:00,12.869999885559082,13.949999809265137,12.869999885559082,13.449999809265137,0,12.869999885559082,0.5799999237060547,4.51,1.0799999237060547
2024-05-03 00:00:00,13.449999809265137,15.3100004196167,13.449999809265137,14.619999885559082,0,13.449999809265137,1.1700000762939453,8.70,1.8600006103515625
2024-05-06 00:00:00,14.619999885559082,16.959999084472656,14.619999885559082,16.600000381469727,0,14.619999885559082,1.9800004959106445,13.54,2.339999198913574
2024-05-07 00:00:00,16.600000381469727,17.639999389648438,16.600000381469727,17.010000228881836,0,16.600000381469727,0.4099998474121094,2.47,1.039999008178711
2024-05-08 00:00:00,17.010000228881836,18.31999969482422,16.459999084472656,17.079999923706055,0,17.010000228881836,0.06999969482421875,0.41,1.8600006103515625
2024-05-09 00:00:00,17.079999923706055,19.170000076293945,17.079999923706055,18.200000762939453,0,17.079999923706055,1.1200008392333984,6.56,2.0900001525878906
2024-05-10 00:00:00,18.200000762939453,19.010000228881836,18,18.469999313354492,0,18.200000762939453,0.26999855041503906,1.48,1.010000228881836
2024-05-13 00:00:00,18.469999313354492,21.489999771118164,18.469999313354492,20.600000381469727,0,18.469999313354492,2.1300010681152344,11.53,3.020000457763672
2024-05-14 00:00:00,20.600000381469727,21.8799991607666,20.110000610351562,20.200000762939453,0,20.600000381469727,-0.39999961853027344,-1.94,1.769998550415039
2024-05-15 00:00:00,20.200000762939453,20.65999984741211,19.8700008392334,20.270000457763672,0,20.200000762939453,0.06999969482421875,0.35,0.7899990081787109
2024-05-16 00:00:00,20.270000457763672,21.110000610351562,18.969999313354492,20,0,20.270000457763672,-0.2700004577636719,-1.33,2.1400012969970703
2024-05-17 00:00:00,20,20.3700008392334,18.979999542236328,19.799999237060547,0,20,-0.20000076293945312,-1.00,1.3900012969970703
2024-05-21 00:00:00,20.530000686645508,22.299999237060547,20.530000686645508,21.809999465942383,0,19.799999237060547,2.010000228881836,10.15,1.769998550415039
2024-05-22 00:00:00,21.809999465942383,22.290000915527344,18.18000030517578,21.469999313354492,0,21.809999465942383,-0.3400001525878906,-1.56,4.1100006103515625
2024-05-23 00:00:00,21.469999313354492,24.219999313354492,18.84000015258789,21.3799991607666,0,21.469999313354492,-0.09000015258789062,-0.42,5.379999160766602
2024-05-24 00:00:00,21.3799991607666,21.899999618530273,20.59000015258789,21.709999084472656,0,21.3799991607666,0.3299999237060547,1.54,1.3099994659423828
2024-05-27 00:00:00,21.709999084472656,26.200000762939453,18.43000030517578,23.190000534057617,0,21.709999084472656,1.480001449584961,6.82,7.770000457763672
2024-05-28 00:00:00,23.190000534057617,24.479999542236328,22.030000686645508,24.200000762939453,0,23.190000534057617,1.010000228881836,4.36,2.4499988555908203
2024-05-29 00:00:00,24.200000762939453,24.770000457763672,23.549999237060547,24.18000030517578,0,24.200000762939453,-0.020000457763671875,-0.08,1.220001220703125
2024-05-30 00:00:00,24.18000030517578,24.520000457763672,22.75,24.18000030517578,0,24.18000030517578,0,0.00,1.7700004577636719
2024-05-31 00:00:00,24.18000030517578,24.809999465942383,22.600000381469727,24.600000381469727,0,24.18000030517578,0.4200000762939453,1.74,2.2099990844726562
2024-06-03 00:00:00,24.600000381469727,24.600000381469727,19.110000610351562,20.940000534057617,0,24.600000381469727,-3.6599998474121094,-14.88,5.489999771118164
2024-06-04 00:00:00,20.940000534057617,31.709999084472656,18.799999237060547,26.75,0,20.940000534057617,5.809999465942383,27.75,12.90999984741211
2024-06-05 00:00:00,26.75,26.93000030517578,18.65999984741211,18.889999389648438,0,26.75,-7.8600006103515625,-29.38,8.270000457763672
2024-06-06 00:00:00,18.889999389648438,18.889999389648438,16.559999465942383,16.799999237060547,0,18.889999389648438,-2.0900001525878906,-11.06,2.3299999237060547
2024-06-07 00:00:00,16.799999237060547,17.149999618530273,16.3700008392334,16.8799991607666,0,16.799999237060547,0.07999992370605469,0.48,0.779998779296875
2024-06-10 00:00:00,16.8799991607666,17.25,16.170000076293945,16.399999618530273,0,16.8799991607666,-0.4799995422363281,-2.84,1.0799999237060547
2024-06-11 00:00:00,16.399999618530273,16.399999618530273,14.680000305175781,14.770000457763672,0,16.399999618530273,-1.6299991607666016,-9.94,1.7199993133544922
2024-06-12 00:00:00,14.770000457763672,14.770000457763672,13.170000076293945,14.390000343322754,0,14.770000457763672,-0.38000011444091797,-2.57,1.6000003814697266
2024-06-13 00:00:00,14.390000343322754,14.390000343322754,13.3100004196167,13.489999771118164,0,14.390000343322754,-0.9000005722045898,-6.25,1.0799999237060547
2024-06-14 00:00:00,13.489999771118164,13.489999771118164,12.65999984741211,12.819999694824219,0,13.489999771118164,-0.6700000762939453,-4.97,0.8299999237060547
2024-06-18 00:00:00,12.819999694824219,13.420000076293945,12.630000114440918,12.970000267028809,0,12.819999694824219,0.15000057220458984,1.17,0.7899999618530273
2024-06-19 00:00:00,12.970000267028809,13.819999694824219,11.630000114440918,13.710000038146973,0,12.970000267028809,0.7399997711181641,5.71,2.189999580383301
2024-06-20 00:00:00,13.710000038146973,14.0600004196167,13.100000381469727,13.350000381469727,0,13.710000038146973,-0.3599996566772461,-2.63,0.9600000381469727
2024-06-21 00:00:00,13.350000381469727,13.59000015258789,12.479999542236328,13.180000305175781,0,13.350000381469727,-0.1700000762939453,-1.27,1.1100006103515625
2024-06-24 00:00:00,13.180000305175781,14.270000457763672,13.149999618530273,14.0600004196167,0,13.180000305175781,0.880000114440918,6.68,1.1200008392333984
2024-06-25 00:00:00,14.0600004196167,14.460000038146973,13.84000015258789,14.3100004196167,0,14.0600004196167,0.25,1.78,0.619999885559082
2024-06-26 00:00:00,14.3100004196167,14.550000190734863,13.989999771118164,14.050000190734863,0,14.3100004196167,-0.26000022888183594,-1.82,0.5600004196166992
2024-06-27 00:00:00,14.050000190734863,14.609999656677246,13.920000076293945,14.149999618530273,0,14.050000190734863,0.09999942779541016,0.71,0.6899995803833008
2024-06-28 00:00:00,14.149999618530273,14.289999961853027,13.6899995803833,13.800000190734863,0,14.149999618530273,-0.34999942779541016,-2.47,0.6000003814697266
2024-07-01 00:00:00,13.800000190734863,14.229999542236328,13.789999961853027,13.829999923706055,0,13.800000190734863,0.029999732971191406,0.22,0.4399995803833008
2024-07-02 00:00:00,13.829999923706055,14.010000228881836,13.319999694824219,13.640000343322754,0,13.829999923706055,-0.18999958038330078,-1.37,0.6900005340576172
2024-07-03 00:00:00,13.640000343322754,13.720000267028809,12.869999885559082,13.210000038146973,0,13.640000343322754,-0.43000030517578125,-3.15,0.8500003814697266
2024-07-04 00:00:00,13.210000038146973,13.210000038146973,12.260000228881836,12.859999656677246,0,13.210000038146973,-0.35000038146972656,-2.65,0.9499998092651367
2024-07-05 00:00:00,12.859999656677246,12.989999771118164,12.079999923706055,12.699999809265137,0,12.859999656677246,-0.15999984741210938,-1.24,0.9099998474121094
2024-07-08 00:00:00,12.699999809265137,13.760000228881836,12.699999809265137,13.600000381469727,0,12.699999809265137,0.9000005722045898,7.09,1.0600004196166992
2024-07-09 00:00:00,13.600000381469727,14.399999618530273,12.789999961853027,14.279999732971191,0,13.600000381469727,0.6799993515014648,5.00,1.609999656677246
2024-07-10 00:00:00,14.279999732971191,14.920000076293945,13.40999984741211,14.430000305175781,0,14.279999732971191,0.15000057220458984,1.05,1.510000228881836
2024-07-11 00:00:00,14.430000305175781,14.430000305175781,12.680000305175781,14,0,14.430000305175781,-0.43000030517578125,-2.98,1.75
2024-07-12 00:00:00,14,14.050000190734863,13.220000267028809,13.729999542236328,0,14,-0.2700004577636719,-1.93,0.8299999237060547
2024-07-15 00:00:00,13.729999542236328,14.34000015258789,13.569999694824219,14.1899995803833,0,13.729999542236328,0.46000003814697266,3.35,0.7700004577636719
2024-07-16 00:00:00,14.1899995803833,14.59000015258789,13.800000190734863,14.220000267028809,0,14.1899995803833,0.030000686645507812,0.21,0.7899999618530273
2024-07-18 00:00:00,14.220000267028809,14.710000038146973,13.75,14.510000228881836,0,14.220000267028809,0.28999996185302734,2.04,0.9600000381469727
2024-07-19 00:00:00,14.510000228881836,14.970000267028809,12.739999771118164,14.829999923706055,0,14.510000228881836,0.31999969482421875,2.21,2.2300004959106445
2024-07-22 00:00:00,14.829999923706055,15.630000114440918,13.119999885559082,15.4399995803833,0,14.829999923706055,0.6099996566772461,4.11,2.510000228881836
2024-07-23 00:00:00,15.4399995803833,16.06999969482422,12.59000015258789,12.75,0,15.4399995803833,-2.689999580383301,-17.42,3.479999542236328
2024-07-24 00:00:00,12.75,14.039999961853027,11.619999885559082,11.760000228881836,0,12.75,-0.9899997711181641,-7.76,2.4200000762939453
2024-07-25 00:00:00,11.760000228881836,13.220000267028809,11.279999732971191,12.619999885559082,0,11.760000228881836,0.8599996566772461,7.31,1.9400005340576172
2024-07-26 00:00:00,12.619999885559082,13.140000343322754,11.979999542236328,12.25,0,12.619999885559082,-0.36999988555908203,-2.93,1.1600008010864258
2024-07-29 00:00:00,12.25,13.260000228881836,12.029999732971191,12.949999809265137,0,12.25,0.6999998092651367,5.71,1.2300004959106445
2024-07-30 00:00:00,12.949999809265137,13.260000228881836,11.720000267028809,12.880000114440918,0,12.949999809265137,-0.06999969482421875,-0.54,1.5399999618530273
2024-07-31 00:00:00,12.880000114440918,13.390000343322754,11.619999885559082,13.25,0,12.880000114440918,0.36999988555908203,2.87,1.7700004577636719
2024-08-01 00:00:00,13.25,13.3100004196167,11.979999542236328,12.930000305175781,0,13.25,-0.31999969482421875,-2.42,1.330000877380371
2024-08-02 00:00:00,12.930000305175781,14.510000228881836,11.6899995803833,14.319999694824219,0,12.930000305175781,1.3899993896484375,10.75,2.820000648498535
2024-08-05 00:00:00,14.319999694824219,23.149999618530273,13.90999984741211,20.3700008392334,0,14.319999694824219,6.05000114440918,42.25,9.239999771118164
2024-08-06 00:00:00,20.3700008392334,20.3700008392334,14.869999885559082,18.739999771118164,0,20.3700008392334,-1.6300010681152344,-8.00,5.500000953674316
2024-08-07 00:00:00,18.739999771118164,18.739999771118164,13.720000267028809,16.170000076293945,0,18.739999771118164,-2.5699996948242188,-13.71,5.0199995040893555
2024-08-08 00:00:00,16.170000076293945,17.229999542236328,14.380000114440918,16.600000381469727,0,16.170000076293945,0.43000030517578125,2.66,2.84999942779541
2024-08-09 00:00:00,16.600000381469727,16.600000381469727,13.430000305175781,15.34000015258789,0,16.600000381469727,-1.260000228881836,-7.59,3.1700000762939453
2024-08-12 00:00:00,15.34000015258789,16.559999465942383,13.399999618530273,15.869999885559082,0,15.34000015258789,0.5299997329711914,3.46,3.1599998474121094
2024-08-13 00:00:00,15.869999885559082,16.3799991607666,14.220000267028809,16.170000076293945,0,15.869999885559082,0.3000001907348633,1.89,2.159998893737793
2024-08-14 00:00:00,16.170000076293945,16.219999313354492,13.819999694824219,15.4399995803833,0,16.170000076293945,-0.7300004959106445,-4.51,2.3999996185302734
2024-08-16 00:00:00,15.4399995803833,15.4399995803833,12.949999809265137,14.399999618530273,0,15.4399995803833,-1.0399999618530273,-6.74,2.489999771118164
2024-08-19 00:00:00,14.399999618530273,14.829999923706055,13.199999809265137,14.319999694824219,0,14.399999618530273,-0.07999992370605469,-0.56,1.630000114440918
2024-08-20 00:00:00,14.319999694824219,14.319999694824219,11.430000305175781,13.819999694824219,0,14.319999694824219,-0.5,-3.49,2.8899993896484375
2024-08-21 00:00:00,13.819999694824219,14.050000190734863,11.819999694824219,13.329999923706055,0,13.819999694824219,-0.48999977111816406,-3.55,2.2300004959106445
2024-08-22 00:00:00,13.329999923706055,13.779999732971191,10.960000038146973,13,0,13.329999923706055,-0.3299999237060547,-2.48,2.8199996948242188
2024-08-23 00:00:00,13,13.619999885559082,10.84000015258789,13.550000190734863,0,13,0.5500001907348633,4.23,2.7799997329711914
2024-08-26 00:00:00,13.550000190734863,13.989999771118164,12.010000228881836,13.800000190734863,0,13.550000190734863,0.25,1.85,1.9799995422363281
2024-08-27 00:00:00,13.800000190734863,14.010000228881836,12.710000038146973,13.630000114440918,0,13.800000190734863,-0.1700000762939453,-1.23,1.3000001907348633
2024-08-28 00:00:00,13.630000114440918,14.09000015258789,12.039999961853027,13.949999809265137,0,13.630000114440918,0.31999969482421875,2.35,2.0500001907348633
2024-08-29 00:00:00,13.949999809265137,14.140000343322754,12.479999542236328,13.789999961853027,0,13.949999809265137,-0.15999984741210938,-1.15,1.6600008010864258
2024-08-30 00:00:00,13.789999961853027,13.90999984741211,12.539999961853027,13.390000343322754,0,13.789999961853027,-0.39999961853027344,-2.90,1.369999885559082
2024-09-02 00:00:00,13.390000343322754,14.25,12.630000114440918,14.0600004196167,0,13.390000343322754,0.6700000762939453,5.00,1.619999885559082
2024-09-03 00:00:00,14.0600004196167,14.149999618530273,12.6899995803833,13.84000015258789,0,14.0600004196167,-0.2200002670288086,-1.56,1.4600000381469727
2024-09-04 00:00:00,13.84000015258789,14.5600004196167,12.8100004196167,14.380000114440918,0,13.84000015258789,0.5399999618530273,3.90,1.75
2024-09-05 00:00:00,14.380000114440918,14.380000114440918,13.34000015258789,14.210000038146973,0,14.380000114440918,-0.1700000762939453,-1.18,1.0399999618530273
2024-09-06 00:00:00,14.210000038146973,15.670000076293945,12.350000381469727,15.220000267028809,0,14.210000038146973,1.010000228881836,7.11,3.3199996948242188
2024-09-09 00:00:00,15.220000267028809,15.5600004196167,14.109999656677246,14.239999771118164,0,15.220000267028809,-0.9800004959106445,-6.44,1.4500007629394531
2024-09-10 00:00:00,14.239999771118164,14.239999771118164,12.170000076293945,13.359999656677246,0,14.239999771118164,-0.880000114440918,-6.18,2.0699996948242188
2024-09-11 00:00:00,13.359999656677246,13.770000457763672,11.329999923706055,13.630000114440918,0,13.359999656677246,0.2700004577636719,2.02,2.440000534057617
2024-09-12 00:00:00,13.630000114440918,13.630000114440918,11.140000343322754,13.180000305175781,0,13.630000114440918,-0.4499998092651367,-3.30,2.489999771118164
2024-09-13 00:00:00,13.180000305175781,13.180000305175781,12.470000267028809,12.550000190734863,0,13.180000305175781,-0.630000114440918,-4.78,0.7100000381469727
2024-09-16 00:00:00,12.550000190734863,12.960000038146973,12.3100004196167,12.460000038146973,0,12.550000190734863,-0.09000015258789062,-0.72,0.6499996185302734
2024-09-17 00:00:00,12.460000038146973,12.75,11.880000114440918,12.59000015258789,0,12.460000038146973,0.13000011444091797,1.04,0.869999885559082
2024-09-18 00:00:00,12.59000015258789,13.850000381469727,12.260000228881836,13.369999885559082,0,12.59000015258789,0.7799997329711914,6.20,1.5900001525878906
2024-09-19 00:00:00,13.369999885559082,13.369999885559082,12.100000381469727,12.470000267028809,0,13.369999885559082,-0.8999996185302734,-6.73,1.2699995040893555
2024-09-20 00:00:00,12.470000267028809,13.109999656677246,10.899999618530273,12.789999961853027,0,12.470000267028809,0.31999969482421875,2.57,2.2100000381469727
2024-09-23 00:00:00,12.789999961853027,14.029999732971191,12.430000305175781,13.789999961853027,0,12.789999961853027,1,7.82,1.5999994277954102
2024-09-24 00:00:00,13.789999961853027,14.109999656677246,12.739999771118164,13.390000343322754,0,13.789999961853027,-0.39999961853027344,-2.90,1.369999885559082
2024-09-25 00:00:00,13.390000343322754,13.609999656677246,8.979999542236328,12.739999771118164,0,13.390000343322754,-0.6500005722045898,-4.85,4.630000114440918
2024-09-26 00:00:00,12.739999771118164,12.739999771118164,11.350000381469727,12,0,12.739999771118164,-0.7399997711181641,-5.81,1.3899993896484375
2024-09-27 00:00:00,12,12.079999923706055,10.5,11.960000038146973,0,12,-0.039999961853027344,-0.33,1.5799999237060547
2024-09-30 00:00:00,11.960000038146973,13.239999771118164,11.600000381469727,12.789999961853027,0,11.960000038146973,0.8299999237060547,6.94,1.6399993896484375
2024-10-01 00:00:00,12.789999961853027,12.789999961853027,11.710000038146973,11.989999771118164,0,12.789999961853027,-0.8000001907348633,-6.25,1.0799999237060547
2024-10-03 00:00:00,11.989999771118164,13.930000305175781,11.6899995803833,13.170000076293945,0,11.989999771118164,1.1800003051757812,9.84,2.2400007247924805
2024-10-04 00:00:00,13.170000076293945,14.479999542236328,12.289999961853027,14.130000114440918,0,13.170000076293945,0.9600000381469727,7.29,2.189999580383301
2024-10-07 00:00:00,14.130000114440918,15.5,13.619999885559082,15.079999923706055,0,14.130000114440918,0.9499998092651367,6.72,1.880000114440918
2024-10-08 00:00:00,15.079999923706055,15.5600004196167,13.880000114440918,14.59000015258789,0,15.079999923706055,-0.48999977111816406,-3.25,1.6800003051757812
2024-10-09 00:00:00,14.59000015258789,14.59000015258789,12.699999809265137,14.119999885559082,0,14.59000015258789,-0.4700002670288086,-3.22,1.890000343322754
2024-10-10 00:00:00,14.119999885559082,14.119999885559082,11.729999542236328,13.5,0,14.119999885559082,-0.619999885559082,-4.39,2.390000343322754
2024-10-11 00:00:00,13.5,13.699999809265137,11.539999961853027,13.220000267028809,0,13.5,-0.2799997329711914,-2.07,2.1599998474121094
2024-10-14 00:00:00,13.220000267028809,13.739999771118164,12.920000076293945,13,0,13.220000267028809,-0.2200002670288086,-1.66,0.8199996948242188
2024-10-15 00:00:00,13,13.359999656677246,10.920000076293945,13,0,13,0,0.00,2.439999580383301
2024-10-16 00:00:00,13,13.5600004196167,11.4399995803833,13.050000190734863,0,13,0.05000019073486328,0.38,2.1200008392333984
2024-10-17 00:00:00,13.050000190734863,13.470000267028809,11.0600004196167,13.390000343322754,0,13.050000190734863,0.3400001525878906,2.61,2.4099998474121094
2024-10-18 00:00:00,13.390000343322754,14.0600004196167,12.869999885559082,13.039999961853027,0,13.390000343322754,-0.35000038146972656,-2.61,1.1900005340576172
2024-10-21 00:00:00,13.039999961853027,14.199999809265137,12.550000190734863,13.760000228881836,0,13.039999961853027,0.7200002670288086,5.52,1.6499996185302734
2024-10-22 00:00:00,13.760000228881836,14.520000457763672,9.470000267028809,14.399999618530273,0,13.760000228881836,0.6399993896484375,4.65,5.050000190734863
2024-10-23 00:00:00,14.399999618530273,15.029999732971191,11.739999771118164,14.619999885559082,0,14.399999618530273,0.2200002670288086,1.53,3.2899999618530273
2024-10-24 00:00:00,14.619999885559082,14.899999618530273,12.699999809265137,13.970000267028809,0,14.619999885559082,-0.6499996185302734,-4.45,2.1999998092651367
2024-10-25 00:00:00,13.970000267028809,15.079999923706055,13.350000381469727,14.630000114440918,0,13.970000267028809,0.6599998474121094,4.72,1.7299995422363281
2024-10-28 00:00:00,14.630000114440918,15.479999542236328,13.539999961853027,14.289999961853027,0,14.630000114440918,-0.3400001525878906,-2.32,1.9399995803833008
2024-10-29 00:00:00,14.289999961853027,15.029999732971191,13.5600004196167,14.520000457763672,0,14.289999961853027,0.23000049591064453,1.61,1.4699993133544922
2024-10-30 00:00:00,14.520000457763672,15.699999809265137,14.279999732971191,15.510000228881836,0,14.520000457763672,0.9899997711181641,6.82,1.4200000762939453
2024-10-31 00:00:00,15.510000228881836,16.239999771118164,14.649999618530273,15.550000190734863,0,15.510000228881836,0.039999961853027344,0.26,1.5900001525878906
2024-11-01 00:00:00,15.550000190734863,16.1299991607666,13.630000114440918,15.899999618530273,0,15.550000190734863,0.34999942779541016,2.25,2.4999990463256836
2024-11-04 00:00:00,15.899999618530273,17.600000381469727,14.779999732971191,16.690000534057617,0,15.899999618530273,0.7900009155273438,4.97,2.820000648498535
2024-11-05 00:00:00,16.690000534057617,19.020000457763672,15.800000190734863,16.1200008392334,0,16.690000534057617,-0.5699996948242188,-3.42,3.2200002670288086
2024-11-06 00:00:00,16.1200008392334,20.75,14.710000038146973,14.869999885559082,0,16.1200008392334,-1.2500009536743164,-7.75,6.039999961853027
2024-11-07 00:00:00,14.869999885559082,15.520000457763672,14.270000457763672,14.9399995803833,0,14.869999885559082,0.06999969482421875,0.47,1.25
2024-11-08 00:00:00,14.9399995803833,15.729999542236328,14.390000343322754,14.470000267028809,0,14.9399995803833,-0.4699993133544922,-3.15,1.3399991989135742
2024-11-11 00:00:00,14.470000267028809,15.470000267028809,13.119999885559082,14.270000457763672,0,14.470000267028809,-0.19999980926513672,-1.38,2.3500003814697266
2024-11-12 00:00:00,14.270000457763672,14.84000015258789,12.739999771118164,14.59000015258789,0,14.270000457763672,0.31999969482421875,2.24,2.1000003814697266
2024-11-13 00:00:00,14.59000015258789,15.869999885559082,13.930000305175781,15.4399995803833,0,14.59000015258789,0.8499994277954102,5.83,1.9399995803833008
2024-11-14 00:00:00,15.4399995803833,15.6899995803833,13.40999984741211,14.779999732971191,0,15.4399995803833,-0.6599998474121094,-4.27,2.2799997329711914
2024-11-18 00:00:00,14.779999732971191,16.579999923706055,13.760000228881836,15.170000076293945,0,14.779999732971191,0.3900003433227539,2.64,2.8199996948242188
2024-11-19 00:00:00,15.170000076293945,16.18000030517578,12.729999542236328,15.65999984741211,0,15.170000076293945,0.48999977111816406,3.23,3.450000762939453
2024-11-21 00:00:00,15.65999984741211,16.780000686645508,14.84000015258789,15.989999771118164,0,15.65999984741211,0.3299999237060547,2.11,1.9400005340576172
2024-11-22 00:00:00,15.989999771118164,18.670000076293945,12.75,16.100000381469727,0,15.989999771118164,0.1100006103515625,0.69,5.920000076293945
2024-11-25 00:00:00,16.100000381469727,16.860000610351562,13.630000114440918,15.300000190734863,0,16.100000381469727,-0.8000001907348633,-4.97,3.2300004959106445
2024-11-26 00:00:00,15.300000190734863,16.260000228881836,13.869999885559082,15.3100004196167,0,15.300000190734863,0.010000228881835938,0.07,2.390000343322754
2024-11-27 00:00:00,15.3100004196167,15.3100004196167,13.25,14.630000114440918,0,15.3100004196167,-0.6800003051757812,-4.44,2.060000419616699
2024-11-28 00:00:00,14.630000114440918,15.5600004196167,14.270000457763672,15.210000038146973,0,14.630000114440918,0.5799999237060547,3.96,1.2899999618530273
2024-11-29 00:00:00,15.210000038146973,15.460000038146973,14.329999923706055,14.430000305175781,0,15.210000038146973,-0.7799997329711914,-5.13,1.130000114440918
2024-12-02 00:00:00,14.430000305175781,15.079999923706055,13.3100004196167,14.699999809265137,0,14.430000305175781,0.26999950408935547,1.87,1.7699995040893555
2024-12-03 00:00:00,14.699999809265137,14.890000343322754,14.239999771118164,14.369999885559082,0,14.699999809265137,-0.3299999237060547,-2.24,0.6500005722045898
2024-12-04 00:00:00,14.369999885559082,14.800000190734863,14.109999656677246,14.449999809265137,0,14.369999885559082,0.07999992370605469,0.56,0.6900005340576172
2024-12-05 00:00:00,14.449999809265137,15.710000038146973,14.0600004196167,14.529999732971191,0,14.449999809265137,0.07999992370605469,0.55,1.6499996185302734
2024-12-06 00:00:00,14.529999732971191,15.020000457763672,14.050000190734863,14.140000343322754,0,14.529999732971191,-0.3899993896484375,-2.68,0.9700002670288086
2024-12-09 00:00:00,14.140000343322754,14.640000343322754,13.449999809265137,14.109999656677246,0,14.140000343322754,-0.030000686645507812,-0.21,1.1900005340576172
2024-12-10 00:00:00,14.109999656677246,14.670000076293945,13.699999809265137,13.779999732971191,0,14.109999656677246,-0.3299999237060547,-2.34,0.9700002670288086
2024-12-11 00:00:00,13.779999732971191,14.109999656677246,13.180000305175781,13.270000457763672,0,13.779999732971191,-0.5099992752075195,-3.70,0.9299993515014648
2024-12-12 00:00:00,13.270000457763672,13.399999618530273,12.949999809265137,13.1899995803833,0,13.270000457763672,-0.0800008773803711,-0.60,0.4499998092651367
2024-12-13 00:00:00,13.1899995803833,14.720000267028809,12.470000267028809,13.050000190734863,0,13.1899995803833,-0.1399993896484375,-1.06,2.25
2024-12-16 00:00:00,13.050000190734863,14.510000228881836,13.050000190734863,14.020000457763672,0,13.050000190734863,0.9700002670288086,7.43,1.4600000381469727
2024-12-17 00:00:00,14.020000457763672,14.979999542236328,13.180000305175781,14.489999771118164,0,14.020000457763672,0.4699993133544922,3.35,1.7999992370605469
2024-12-18 00:00:00,14.489999771118164,15.239999771118164,14.270000457763672,14.369999885559082,0,14.489999771118164,-0.11999988555908203,-0.83,0.9699993133544922
2024-12-19 00:00:00,14.369999885559082,15.4399995803833,13.869999885559082,14.510000228881836,0,14.369999885559082,0.1400003433227539,0.97,1.5699996948242188
2024-12-20 00:00:00,14.510000228881836,15.550000190734863,14.399999618530273,15.069999694824219,0,14.510000228881836,0.5599994659423828,3.86,1.1500005722045898
2024-12-23 00:00:00,15.069999694824219,16.8799991607666,13.420000076293945,13.520000457763672,0,15.069999694824219,-1.5499992370605469,-10.29,3.4599990844726562
2024-12-24 00:00:00,13.520000457763672,15.029999732971191,12.979999542236328,13.180000305175781,0,13.520000457763672,-0.3400001525878906,-2.51,2.0500001907348633
2024-12-26 00:00:00,13.180000305175781,14.390000343322754,13.079999923706055,14.039999961853027,0,13.180000305175781,0.8599996566772461,6.53,1.3100004196166992
2024-12-27 00:00:00,14.039999961853027,14.239999771118164,13.039999961853027,13.239999771118164,0,14.039999961853027,-0.8000001907348633,-5.70,1.1999998092651367
2024-12-30 00:00:00,13.239999771118164,14.369999885559082,13.239999771118164,13.970000267028809,0,13.239999771118164,0.7300004959106445,5.51,1.130000114440918
2024-12-31 00:00:00,13.970000267028809,14.640000343322754,13.970000267028809,14.449999809265137,0,13.970000267028809,0.4799995422363281,3.44,0.6700000762939453
2025-01-02 00:00:00,14.510000228881836,14.800000190734863,13.630000114440918,13.739999771118164,0,14.449999809265137,-0.7100000381469727,-4.91,1.1700000762939453
2025-01-03 00:00:00,13.739999771118164,13.979999542236328,13.229999542236328,13.539999961853027,0,13.739999771118164,-0.19999980926513672,-1.46,0.75
2025-01-06 00:00:00,13.539999961853027,15.920000076293945,13.539999961853027,15.649999618530273,0,13.539999961853027,2.109999656677246,15.58,2.380000114440918
2025-01-07 00:00:00,15.649999618530273,15.649999618530273,14.350000381469727,14.65999984741211,0,15.649999618530273,-0.9899997711181641,-6.33,1.2999992370605469
2025-01-08 00:00:00,14.65999984741211,14.880000114440918,14.100000381469727,14.470000267028809,0,14.65999984741211,-0.18999958038330078,-1.30,0.7799997329711914
2025-01-09 00:00:00,14.470000267028809,14.890000343322754,13.75,14.65999984741211,0,14.470000267028809,0.18999958038330078,1.31,1.140000343322754
2025-01-10 00:00:00,14.65999984741211,15.520000457763672,14.65999984741211,14.920000076293945,0,14.65999984741211,0.26000022888183594,1.77,0.8600006103515625
2025-01-13 00:00:00,14.920000076293945,16.18000030517578,14.449999809265137,16,0,14.920000076293945,1.0799999237060547,7.24,1.7300004959106445
2025-01-14 00:00:00,16,16,15.119999885559082,15.470000267028809,0,16,-0.5299997329711914,-3.31,0.880000114440918
2025-01-15 00:00:00,15.470000267028809,15.65999984741211,15.199999809265137,15.260000228881836,0,15.470000267028809,-0.21000003814697266,-1.36,0.46000003814697266
2025-01-16 00:00:00,15.260000228881836,15.569999694824219,13.960000038146973,15.470000267028809,0,15.260000228881836,0.21000003814697266,1.38,1.609999656677246
2025-01-17 00:00:00,15.470000267028809,16.3799991607666,14.050000190734863,15.75,0,15.470000267028809,0.2799997329711914,1.81,2.3299989700317383
2025-01-20 00:00:00,15.75,17.020000457763672,15.180000305175781,16.420000076293945,0,15.75,0.6700000762939453,4.25,1.8400001525878906
2025-01-21 00:00:00,16.420000076293945,17.450000762939453,15.199999809265137,17.059999465942383,0,16.420000076293945,0.6399993896484375,3.90,2.2500009536743164
2025-01-22 00:00:00,17.059999465942383,17.299999237060547,15.90999984741211,16.770000457763672,0,17.059999465942383,-0.28999900817871094,-1.70,1.3899993896484375
2025-01-23 00:00:00,16.770000457763672,17.079999923706055,15.670000076293945,16.700000762939453,0,16.770000457763672,-0.06999969482421875,-0.42,1.4099998474121094
2025-01-24 00:00:00,16.700000762939453,17.309999465942383,16.1200008392334,16.75,0,16.700000762939453,0.049999237060546875,0.30,1.1899986267089844
2025-01-27 00:00:00,16.75,18.520000457763672,16.75,18.1299991607666,0,16.75,1.3799991607666016,8.24,1.7700004577636719
2025-01-28 00:00:00,18.1299991607666,18.5,16.829999923706055,18.200000762939453,0,18.1299991607666,0.07000160217285156,0.39,1.6700000762939453
2025-01-29 00:00:00,18.200000762939453,19.010000228881836,17.290000915527344,18.639999389648438,0,18.200000762939453,0.4399986267089844,2.42,1.7199993133544922
2025-01-30 00:00:00,18.639999389648438,18.989999771118164,17.219999313354492,17.389999389648438,0,18.639999389648438,-1.25,-6.71,1.7700004577636719
2025-01-31 00:00:00,17.389999389648438,17.940000534057617,16.110000610351562,16.25,0,17.389999389648438,-1.1399993896484375,-6.56,1.8299999237060547
2025-02-03 00:00:00,14.100000381469727,15.109999656677246,14.100000381469727,14.350000381469727,0,16.25,-1.8999996185302734,-11.69,1.0099992752075195
2025-02-04 00:00:00,14.350000381469727,15.130000114440918,13.670000076293945,14.020000457763672,0,14.350000381469727,-0.3299999237060547,-2.30,1.4600000381469727
2025-02-05 00:00:00,14.020000457763672,14.300000190734863,13.5,14.079999923706055,0,14.020000457763672,0.05999946594238281,0.43,0.8000001907348633
2025-02-06 00:00:00,14.079999923706055,14.640000343322754,13.149999618530273,14.180000305175781,0,14.079999923706055,0.10000038146972656,0.71,1.4900007247924805
2025-02-07 00:00:00,14.180000305175781,14.510000228881836,13.550000190734863,13.6899995803833,0,14.180000305175781,-0.49000072479248047,-3.46,0.9600000381469727
2025-02-10 00:00:00,13.6899995803833,14.720000267028809,13.6899995803833,14.449999809265137,0,13.6899995803833,0.7600002288818359,5.55,1.0300006866455078
2025-02-11 00:00:00,14.449999809265137,15.430000305175781,13.850000381469727,14.869999885559082,0,14.449999809265137,0.4200000762939453,2.91,1.5799999237060547
2025-02-12 00:00:00,14.869999885559082,15.619999885559082,14.609999656677246,14.899999618530273,0,14.869999885559082,0.029999732971191406,0.20,1.010000228881836
2025-02-13 00:00:00,14.899999618530273,15.470000267028809,12.199999809265137,14.960000038146973,0,14.899999618530273,0.06000041961669922,0.40,3.270000457763672
2025-02-14 00:00:00,14.960000038146973,15.680000305175781,14.359999656677246,15.020000457763672,0,14.960000038146973,0.06000041961669922,0.40,1.3200006484985352
2025-02-17 00:00:00,15.020000457763672,16.309999465942383,14.5,15.720000267028809,0,15.020000457763672,0.6999998092651367,4.66,1.8099994659423828
2025-02-18 00:00:00,15.720000267028809,16.31999969482422,14.779999732971191,15.670000076293945,0,15.720000267028809,-0.05000019073486328,-0.32,1.5399999618530273
2025-02-19 00:00:00,15.670000076293945,16.020000457763672,14.75,15.420000076293945,0,15.670000076293945,-0.25,-1.60,1.2700004577636719
2025-02-20 00:00:00,15.420000076293945,15.899999618530273,14.640000343322754,14.680000305175781,0,15.420000076293945,-0.7399997711181641,-4.80,1.2599992752075195
2025-02-21 00:00:00,14.680000305175781,15.239999771118164,12.079999923706055,14.529999732971191,0,14.680000305175781,-0.15000057220458984,-1.02,3.1599998474121094
2025-02-24 00:00:00,14.529999732971191,15.579999923706055,14.369999885559082,14.4399995803833,0,14.529999732971191,-0.09000015258789062,-0.62,1.2100000381469727
2025-02-25 00:00:00,14.4399995803833,15.079999923706055,13.609999656677246,13.720000267028809,0,14.4399995803833,-0.7199993133544922,-4.99,1.4700002670288086
2025-02-27 00:00:00,13.720000267028809,14.010000228881836,12.90999984741211,13.3100004196167,0,13.720000267028809,-0.4099998474121094,-2.99,1.1000003814697266
2025-02-28 00:00:00,13.3100004196167,14.119999885559082,13.229999542236328,13.90999984741211,0,13.3100004196167,0.5999994277954102,4.51,0.8900003433227539
2025-03-03 00:00:00,13.90999984741211,14.359999656677246,13.569999694824219,13.760000228881836,0,13.90999984741211,-0.14999961853027344,-1.08,0.7899999618530273
2025-03-04 00:00:00,13.760000228881836,14.199999809265137,13.369999885559082,13.829999923706055,0,13.760000228881836,0.06999969482421875,0.51,0.8299999237060547
2025-03-05 00:00:00,13.829999923706055,14.130000114440918,13.100000381469727,13.670000076293945,0,13.829999923706055,-0.15999984741210938,-1.16,1.0299997329711914
2025-03-06 00:00:00,13.670000076293945,14.180000305175781,13.279999732971191,13.729999542236328,0,13.670000076293945,0.05999946594238281,0.44,0.9000005722045898
2025-03-07 00:00:00,13.729999542236328,13.859999656677246,13.329999923706055,13.470000267028809,0,13.729999542236328,-0.25999927520751953,-1.89,0.5299997329711914
2025-03-10 00:00:00,13.470000267028809,14.210000038146973,13.470000267028809,13.989999771118164,0,13.470000267028809,0.5199995040893555,3.86,0.7399997711181641
2025-03-11 00:00:00,13.989999771118164,14.5,13.680000305175781,14.069999694824219,0,13.989999771118164,0.07999992370605469,0.57,0.8199996948242188
2025-03-12 00:00:00,14.069999694824219,14.369999885559082,13.640000343322754,13.6899995803833,0,14.069999694824219,-0.38000011444091797,-2.70,0.7299995422363281
2025-03-13 00:00:00,13.6899995803833,13.930000305175781,13.220000267028809,13.279999732971191,0,13.6899995803833,-0.4099998474121094,-2.99,0.7100000381469727
2025-03-17 00:00:00,13.279999732971191,14.100000381469727,13.279999732971191,13.420000076293945,0,13.279999732971191,0.1400003433227539,1.05,0.8200006484985352
2025-03-18 00:00:00,13.420000076293945,13.649999618530273,11.34000015258789,13.210000038146973,0,13.420000076293945,-0.21000003814697266,-1.56,2.309999465942383
2025-03-19 00:00:00,13.210000038146973,13.569999694824219,12.59000015258789,13.300000190734863,0,13.210000038146973,0.09000015258789062,0.68,0.9799995422363281
2025-03-20 00:00:00,13.300000190734863,13.300000190734863,12.510000228881836,12.600000381469727,0,13.300000190734863,-0.6999998092651367,-5.26,0.7899999618530273
2025-03-21 00:00:00,12.600000381469727,12.84000015258789,10.699999809265137,12.579999923706055,0,12.600000381469727,-0.020000457763671875,-0.16,2.140000343322754
2025-03-24 00:00:00,12.579999923706055,13.949999809265137,12.579999923706055,13.699999809265137,0,12.579999923706055,1.119999885559082,8.90,1.369999885559082
2025-03-25 00:00:00,13.699999809265137,14.479999542236328,13.489999771118164,13.640000343322754,0,13.699999809265137,-0.05999946594238281,-0.44,0.9899997711181641
2025-03-26 00:00:00,13.640000343322754,13.920000076293945,13.3100004196167,13.470000267028809,0,13.640000343322754,-0.1700000762939453,-1.25,0.6099996566772461
2025-03-27 00:00:00,13.470000267028809,13.850000381469727,12.979999542236328,13.300000190734863,0,13.470000267028809,-0.1700000762939453,-1.26,0.8700008392333984
2025-03-28 00:00:00,13.300000190734863,13.609999656677246,12.569999694824219,12.720000267028809,0,13.300000190734863,-0.5799999237060547,-4.36,1.0399999618530273
2025-04-01 00:00:00,12.720000267028809,14.050000190734863,12.720000267028809,13.779999732971191,0,12.720000267028809,1.0599994659423828,8.33,1.3299999237060547
2025-04-02 00:00:00,13.779999732971191,14.140000343322754,13.510000228881836,13.720000267028809,0,13.779999732971191,-0.05999946594238281,-0.44,0.630000114440918
2025-04-03 00:00:00,13.720000267028809,14.109999656677246,13.40999984741211,13.600000381469727,0,13.720000267028809,-0.11999988555908203,-0.87,0.6999998092651367
2025-04-04 00:00:00,13.600000381469727,14.25,13.399999618530273,13.760000228881836,0,13.600000381469727,0.15999984741210938,1.18,0.8500003814697266
2025-04-07 00:00:00,13.760000228881836,23.190000534057617,13.760000228881836,22.790000915527344,0,13.760000228881836,9.030000686645508,65.63,9.430000305175781
2025-04-08 00:00:00,22.790000915527344,22.790000915527344,19.3799991607666,20.440000534057617,0,22.790000915527344,-2.3500003814697266,-10.31,3.410001754760742
2025-04-09 00:00:00,20.440000534057617,21.75,19.700000762939453,21.43000030517578,0,20.440000534057617,0.9899997711181641,4.84,2.049999237060547
2025-04-11 00:00:00,21.43000030517578,21.43000030517578,18.860000610351562,20.110000610351562,0,21.43000030517578,-1.3199996948242188,-6.16,2.5699996948242188
2025-04-15 00:00:00,20.110000610351562,20.110000610351562,15.970000267028809,16.1299991607666,0,20.110000610351562,-3.980001449584961,-19.79,4.140000343322754
2025-04-16 00:00:00,16.1299991607666,16.1299991607666,15.119999885559082,15.869999885559082,0,16.1299991607666,-0.25999927520751953,-1.61,1.0099992752075195
2025-04-17 00:00:00,15.869999885559082,16.459999084472656,15.09000015258789,15.470000267028809,0,15.869999885559082,-0.39999961853027344,-2.52,1.3699989318847656
2025-04-21 00:00:00,15.470000267028809,16.329999923706055,14.220000267028809,15.520000457763672,0,15.470000267028809,0.05000019073486328,0.32,2.109999656677246
2025-04-22 00:00:00,15.520000457763672,16.010000228881836,14.539999961853027,15.229999542236328,0,15.520000457763672,-0.29000091552734375,-1.87,1.4700002670288086
2025-04-23 00:00:00,15.229999542236328,16.520000457763672,12.84000015258789,15.960000038146973,0,15.229999542236328,0.7300004959106445,4.79,3.6800003051757812
2025-04-24 00:00:00,15.960000038146973,16.760000228881836,15.550000190734863,16.25,0,15.960000038146973,0.28999996185302734,1.82,1.2100000381469727
2025-04-25 00:00:00,16.25,17.579999923706055,15.920000076293945,17.15999984741211,0,16.25,0.9099998474121094,5.60,1.6599998474121094
2025-04-28 00:00:00,17.15999984741211,18.06999969482422,16.6200008392334,16.940000534057617,0,17.15999984741211,-0.2199993133544922,-1.28,1.4499988555908203
2025-04-29 00:00:00,16.940000534057617,17.59000015258789,16.06999969482422,17.3700008392334,0,16.940000534057617,0.43000030517578125,2.54,1.5200004577636719
2025-04-30 00:00:00,17.3700008392334,18.559999465942383,15.989999771118164,18.219999313354492,0,17.3700008392334,0.8499984741210938,4.89,2.5699996948242188
2025-05-02 00:00:00,18.219999313354492,18.860000610351562,17.350000381469727,18.260000228881836,0,18.219999313354492,0.04000091552734375,0.22,1.510000228881836
2025-05-05 00:00:00,18.260000228881836,18.799999237060547,18.06999969482422,18.34000015258789,0,18.260000228881836,0.07999992370605469,0.44,0.7299995422363281
2025-05-06 00:00:00,18.34000015258789,19.299999237060547,17.989999771118164,19,0,18.34000015258789,0.6599998474121094,3.60,1.3099994659423828
2025-05-07 00:00:00,19,19.729999542236328,18.360000610351562,19.059999465942383,0,19,0.05999946594238281,0.32,1.3699989318847656
2025-05-08 00:00:00,19.059999465942383,21.889999389648438,18.149999618530273,21.010000228881836,0,19.059999465942383,1.9500007629394531,10.23,3.739999771118164
2025-05-09 00:00:00,21.010000228881836,22.75,21,21.6299991607666,0,21.010000228881836,0.6199989318847656,2.95,1.75
2025-05-12 00:00:00,21.6299991607666,21.6299991607666,17.209999084472656,18.389999389648438,0,21.6299991607666,-3.239999771118164,-14.98,4.420000076293945
2025-05-13 00:00:00,18.389999389648438,18.899999618530273,17.889999389648438,18.200000762939453,0,18.389999389648438,-0.18999862670898438,-1.03,1.010000228881836
2025-05-14 00:00:00,18.200000762939453,19.239999771118164,17.079999923706055,17.229999542236328,0,18.200000762939453,-0.970001220703125,-5.33,2.1599998474121094
2025-05-15 00:00:00,17.229999542236328,17.670000076293945,16.719999313354492,16.889999389648438,0,17.229999542236328,-0.3400001525878906,-1.97,0.9500007629394531
2025-05-16 00:00:00,16.889999389648438,17.059999465942383,16.219999313354492,16.549999237060547,0,16.889999389648438,-0.3400001525878906,-2.01,0.8400001525878906
2025-05-19 00:00:00,16.549999237060547,17.450000762939453,15.829999923706055,17.360000610351562,0,16.549999237060547,0.8100013732910156,4.89,1.6200008392333984
2025-05-20 00:00:00,17.360000610351562,17.65999984741211,15.970000267028809,17.389999389648438,0,17.360000610351562,0.029998779296875,0.17,1.6899995803833008
2025-05-21 00:00:00,17.389999389648438,18,17.040000915527344,17.549999237060547,0,17.389999389648438,0.15999984741210938,0.92,0.9599990844726562
2025-05-22 00:00:00,17.549999237060547,18.200000762939453,16.700000762939453,17.260000228881836,0,17.549999237060547,-0.28999900817871094,-1.65,1.5
2025-05-23 00:00:00,17.260000228881836,17.520000457763672,15.489999771118164,17.280000686645508,0,17.260000228881836,0.020000457763671875,0.12,2.030000686645508
2025-05-26 00:00:00,17.280000686645508,18.40999984741211,16.059999465942383,18.020000457763672,0,17.280000686645508,0.7399997711181641,4.28,2.3500003814697266
2025-05-27 00:00:00,18.020000457763672,19.18000030517578,17.420000076293945,18.540000915527344,0,18.020000457763672,0.5200004577636719,2.89,1.760000228881836
2025-05-28 00:00:00,18.540000915527344,19.040000915527344,17.8799991607666,18.020000457763672,0,18.540000915527344,-0.5200004577636719,-2.80,1.1600017547607422
2025-05-29 00:00:00,18.020000457763672,18.020000457763672,16.209999084472656,16.420000076293945,0,18.020000457763672,-1.6000003814697266,-8.88,1.8100013732910156
2025-05-30 00:00:00,16.420000076293945,16.549999237060547,15.289999961853027,16.079999923706055,0,16.420000076293945,-0.3400001525878906,-2.07,1.2599992752075195
2025-06-02 00:00:00,16.079999923706055,17.729999542236328,16.079999923706055,17.15999984741211,0,16.079999923706055,1.0799999237060547,6.72,1.6499996185302734
2025-06-03 00:00:00,17.15999984741211,17.729999542236328,16.260000228881836,16.559999465942383,0,17.15999984741211,-0.6000003814697266,-3.50,1.4699993133544922
2025-06-04 00:00:00,16.559999465942383,17.059999465942383,15.630000114440918,15.75,0,16.559999465942383,-0.8099994659423828,-4.89,1.4299993515014648
2025-06-05 00:00:00,15.75,15.930000305175781,14.979999542236328,15.079999923706055,0,15.75,-0.6700000762939453,-4.25,0.9500007629394531
2025-06-06 00:00:00,15.079999923706055,15.609999656677246,14.369999885559082,14.630000114440918,0,15.079999923706055,-0.4499998092651367,-2.98,1.239999771118164
2025-06-09 00:00:00,14.630000114440918,15.520000457763672,14.630000114440918,14.6899995803833,0,14.630000114440918,0.05999946594238281,0.41,0.8900003433227539
2025-06-10 00:00:00,14.6899995803833,14.739999771118164,13.930000305175781,14.020000457763672,0,14.6899995803833,-0.6699991226196289,-4.56,0.8099994659423828
2025-06-11 00:00:00,14.020000457763672,14.15999984741211,13.5600004196167,13.670000076293945,0,14.020000457763672,-0.35000038146972656,-2.50,0.5999994277954102
2025-06-12 00:00:00,13.670000076293945,14.270000457763672,13.130000114440918,14.020000457763672,0,13.670000076293945,0.35000038146972656,2.56,1.140000343322754
2025-06-13 00:00:00,14.020000457763672,15.979999542236328,14.020000457763672,15.079999923706055,0,14.020000457763672,1.0599994659423828,7.56,1.9599990844726562
2025-06-16 00:00:00,15.079999923706055,15.470000267028809,14.550000190734863,14.84000015258789,0,15.079999923706055,-0.23999977111816406,-1.59,0.9200000762939453
2025-06-17 00:00:00,14.84000015258789,15.020000457763672,14.300000190734863,14.399999618530273,0,14.84000015258789,-0.4400005340576172,-2.96,0.7200002670288086
2025-06-18 00:00:00,14.399999618530273,14.819999694824219,14.109999656677246,14.279999732971191,0,14.399999618530273,-0.11999988555908203,-0.83,0.7100000381469727
2025-06-19 00:00:00,14.279999732971191,14.369999885559082,13.739999771118164,14.260000228881836,0,14.279999732971191,-0.01999950408935547,-0.14,0.630000114440918
2025-06-20 00:00:00,14.260000228881836,14.260000228881836,13.319999694824219,13.670000076293945,0,14.260000228881836,-0.5900001525878906,-4.14,0.9400005340576172
2025-06-23 00:00:00,13.670000076293945,14.520000457763672,13.65999984741211,14.050000190734863,0,13.670000076293945,0.38000011444091797,2.78,0.8600006103515625
2025-06-24 00:00:00,14.050000190734863,14.34000015258789,13.3100004196167,13.640000343322754,0,14.050000190734863,-0.4099998474121094,-2.92,1.0299997329711914
2025-06-25 00:00:00,13.640000343322754,13.640000343322754,12.899999618530273,12.960000038146973,0,13.640000343322754,-0.6800003051757812,-4.99,0.7400007247924805
2025-06-26 00:00:00,12.960000038146973,13.329999923706055,12.520000457763672,12.59000015258789,0,12.960000038146973,-0.36999988555908203,-2.85,0.8099994659423828
2025-06-27 00:00:00,12.59000015258789,12.920000076293945,12.319999694824219,12.390000343322754,0,12.59000015258789,-0.19999980926513672,-1.59,0.6000003814697266
2025-06-30 00:00:00,12.390000343322754,13.029999732971191,12.390000343322754,12.789999961853027,0,12.390000343322754,0.39999961853027344,3.23,0.6399993896484375
2025-07-01 00:00:00,12.789999961853027,12.989999771118164,12.4399995803833,12.529999732971191,0,12.789999961853027,-0.26000022888183594,-2.03,0.5500001907348633
2025-07-02 00:00:00,12.529999732971191,12.65999984741211,12.34000015258789,12.449999809265137,0,12.529999732971191,-0.07999992370605469,-0.64,0.31999969482421875
2025-07-03 00:00:00,12.449999809265137,12.65999984741211,12.1899995803833,12.390000343322754,0,12.449999809265137,-0.05999946594238281,-0.48,0.4700002670288086
2025-07-04 00:00:00,12.390000343322754,12.699999809265137,12.239999771118164,12.319999694824219,0,12.390000343322754,-0.07000064849853516,-0.56,0.46000003814697266
2025-07-07 00:00:00,12.319999694824219,12.789999961853027,11.9399995803833,12.5600004196167,0,12.319999694824219,0.24000072479248047,1.95,0.8500003814697266
2025-07-08 00:00:00,12.5600004196167,12.710000038146973,12.0600004196167,12.199999809265137,0,12.5600004196167,-0.3600006103515625,-2.87,0.6499996185302734
2025-07-09 00:00:00,12.199999809265137,12.359999656677246,11.75,11.9399995803833,0,12.199999809265137,-0.26000022888183594,-2.13,0.6099996566772461
2025-07-10 00:00:00,11.9399995803833,12.1899995803833,11.609999656677246,11.670000076293945,0,11.9399995803833,-0.26999950408935547,-2.26,0.5799999237060547
2025-07-11 00:00:00,11.670000076293945,12.119999885559082,11.539999961853027,11.819999694824219,0,11.670000076293945,0.14999961853027344,1.29,0.5799999237060547
2025-07-14 00:00:00,11.819999694824219,12.420000076293945,11.819999694824219,11.979999542236328,0,11.819999694824219,0.15999984741210938,1.35,0.6000003814697266
2025-07-15 00:00:00,11.979999542236328,12.029999732971191,11.40999984741211,11.479999542236328,0,11.979999542236328,-0.5,-4.17,0.619999885559082
2025-07-16 00:00:00,11.479999542236328,11.670000076293945,11.199999809265137,11.239999771118164,0,11.479999542236328,-0.23999977111816406,-2.09,0.4700002670288086
2025-07-17 00:00:00,11.239999771118164,11.539999961853027,10.729999542236328,11.239999771118164,0,11.239999771118164,0,0.00,0.8100004196166992
2025-07-18 00:00:00,11.239999771118164,11.859999656677246,9.899999618530273,11.390000343322754,0,11.239999771118164,0.15000057220458984,1.33,1.9600000381469727
2025-07-21 00:00:00,11.390000343322754,11.9399995803833,11.09000015258789,11.199999809265137,0,11.390000343322754,-0.1900005340576172,-1.67,0.8499994277954102
2025-07-22 00:00:00,11.199999809265137,11.229999542236328,10.6899995803833,10.75,0,11.199999809265137,-0.4499998092651367,-4.02,0.5399999618530273
2025-07-23 00:00:00,10.75,10.75,10.220000267028809,10.520000457763672,0,10.75,-0.22999954223632812,-2.14,0.5299997329711914
2025-07-24 00:00:00,10.520000457763672,11.109999656677246,9.869999885559082,10.720000267028809,0,10.520000457763672,0.19999980926513672,1.90,1.239999771118164
2025-07-25 00:00:00,10.720000267028809,11.579999923706055,10.609999656677246,11.279999732971191,0,10.720000267028809,0.5599994659423828,5.22,0.9700002670288086
2025-07-28 00:00:00,11.279999732971191,12.229999542236328,10.329999923706055,12.0600004196167,0,11.279999732971191,0.7800006866455078,6.91,1.8999996185302734
2025-07-29 00:00:00,12.0600004196167,12.300000190734863,11.399999618530273,11.529999732971191,0,12.0600004196167,-0.5300006866455078,-4.39,0.9000005722045898
2025-07-30 00:00:00,11.529999732971191,11.779999732971191,10.609999656677246,11.210000038146973,0,11.529999732971191,-0.31999969482421875,-2.78,1.1700000762939453
2025-07-31 00:00:00,11.210000038146973,12.119999885559082,11.210000038146973,11.539999961853027,0,11.210000038146973,0.3299999237060547,2.94,0.9099998474121094
2025-08-01 00:00:00,11.539999961853027,12.109999656677246,11.399999618530273,11.979999542236328,0,11.539999961853027,0.4399995803833008,3.81,0.7100000381469727
2025-08-04 00:00:00,11.979999542236328,12.630000114440918,11.800000190734863,11.970000267028809,0,11.979999542236328,-0.009999275207519531,-0.08,0.8299999237060547
2025-08-05 00:00:00,11.970000267028809,12.180000305175781,11.640000343322754,11.710000038146973,0,11.970000267028809,-0.26000022888183594,-2.17,0.5399999618530273
2025-08-06 00:00:00,11.710000038146973,12.050000190734863,10.65999984741211,11.960000038146973,0,11.710000038146973,0.25,2.13,1.390000343322754
2025-08-07 00:00:00,11.960000038146973,12.3100004196167,11.5600004196167,11.6899995803833,0,11.960000038146973,-0.2700004577636719,-2.26,0.75
2025-08-08 00:00:00,11.6899995803833,12.199999809265137,10.899999618530273,12.029999732971191,0,11.6899995803833,0.3400001525878906,2.91,1.3000001907348633
2025-08-11 00:00:00,12.029999732971191,12.729999542236328,12.029999732971191,12.220000267028809,0,12.029999732971191,0.1900005340576172,1.58,0.6999998092651367
2025-08-12 00:00:00,12.220000267028809,12.420000076293945,11.600000381469727,12.229999542236328,0,12.220000267028809,0.009999275207519531,0.08,0.8199996948242188
2025-08-13 00:00:00,12.229999542236328,12.350000381469727,10.779999732971191,12.140000343322754,0,12.229999542236328,-0.08999919891357422,-0.74,1.5700006484985352
2025-08-14 00:00:00,12.140000343322754,12.470000267028809,11.470000267028809,12.359999656677246,0,12.140000343322754,0.2199993133544922,1.81,1
2025-08-18 00:00:00,12.359999656677246,13.470000267028809,11.75,12.34000015258789,0,12.359999656677246,-0.01999950408935547,-0.16,1.7200002670288086
2025-08-19 00:00:00,12.34000015258789,12.34000015258789,11.760000228881836,11.789999961853027,0,12.34000015258789,-0.5500001907348633,-4.46,0.5799999237060547
2025-08-20 00:00:00,11.789999961853027,11.989999771118164,10.1899995803833,11.789999961853027,0,11.789999961853027,0,0.00,1.8000001907348633
2025-08-21 00:00:00,11.789999961853027,11.890000343322754,10.09000015258789,11.369999885559082,0,11.789999961853027,-0.4200000762939453,-3.56,1.8000001907348633
2025-08-22 00:00:00,11.369999885559082,11.789999961853027,10.699999809265137,11.729999542236328,0,11.369999885559082,0.3599996566772461,3.17,1.0900001525878906
2025-08-25 00:00:00,11.729999542236328,12.350000381469727,11.550000190734863,11.760000228881836,0,11.729999542236328,0.030000686645507812,0.26,0.8000001907348633
2025-08-26 00:00:00,11.760000228881836,12.550000190734863,10.930000305175781,12.1899995803833,0,11.760000228881836,0.42999935150146484,3.66,1.619999885559082
2025-08-28 00:00:00,12.1899995803833,13.149999618530273,11.579999923706055,12.180000305175781,0,12.1899995803833,-0.009999275207519531,-0.08,1.5699996948242188
2025-08-29 00:00:00,12.180000305175781,12.199999809265137,11.59000015258789,11.75,0,12.180000305175781,-0.43000030517578125,-3.53,0.6099996566772461
2025-09-01 00:00:00,11.75,12.199999809265137,11.239999771118164,11.289999961853027,0,11.75,-0.46000003814697266,-3.91,0.9600000381469727
2025-09-02 00:00:00,11.289999961853027,11.779999732971191,10.779999732971191,11.399999618530273,0,11.289999961853027,0.1099996566772461,0.97,1
2025-09-03 00:00:00,11.399999618530273,11.579999923706055,10.850000381469727,10.930000305175781,0,11.399999618530273,-0.4699993133544922,-4.12,0.7299995422363281
2025-09-04 00:00:00,10.930000305175781,11.239999771118164,10.489999771118164,10.850000381469727,0,10.930000305175781,-0.07999992370605469,-0.73,0.75
2025-09-05 00:00:00,10.850000381469727,11.4399995803833,9.949999809265137,10.779999732971191,0,10.850000381469727,-0.07000064849853516,-0.65,1.489999771118164
2025-09-08 00:00:00,10.779999732971191,11.079999923706055,10.420000076293945,10.84000015258789,0,10.779999732971191,0.06000041961669922,0.56,0.6599998474121094
2025-09-09 00:00:00,10.84000015258789,11.449999809265137,9.850000381469727,10.6899995803833,0,10.84000015258789,-0.15000057220458984,-1.38,1.5999994277954102
2025-09-10 00:00:00,10.6899995803833,10.84000015258789,10.25,10.539999961853027,0,10.6899995803833,-0.14999961853027344,-1.40,0.5900001525878906
2025-09-11 00:00:00,10.539999961853027,10.779999732971191,10.180000305175781,10.359999656677246,0,10.539999961853027,-0.18000030517578125,-1.71,0.5999994277954102
2025-09-12 00:00:00,10.359999656677246,10.359999656677246,9.850000381469727,10.119999885559082,0,10.359999656677246,-0.23999977111816406,-2.32,0.5099992752075195
2025-09-15 00:00:00,10.119999885559082,10.680000305175781,9.899999618530273,10.399999618530273,0,10.119999885559082,0.2799997329711914,2.77,0.7800006866455078
2025-09-16 00:00:00,10.399999618530273,10.5,9.760000228881836,10.270000457763672,0,10.399999618530273,-0.12999916076660156,-1.25,0.7399997711181641
2025-09-17 00:00:00,10.270000457763672,10.359999656677246,9.619999885559082,10.25,0,10.270000457763672,-0.020000457763671875,-0.19,0.7399997711181641
2025-09-18 00:00:00,10.25,10.25,9.489999771118164,9.890000343322754,0,10.25,-0.3599996566772461,-3.51,0.7600002288818359
2025-09-19 00:00:00,9.890000343322754,10.260000228881836,9.399999618530273,9.970000267028809,0,9.890000343322754,0.07999992370605469,0.81,0.8600006103515625
2025-09-22 00:00:00,9.970000267028809,10.729999542236328,9.970000267028809,10.5600004196167,0,9.970000267028809,0.5900001525878906,5.92,0.7599992752075195
2025-09-23 00:00:00,10.5600004196167,10.899999618530273,9.960000038146973,10.630000114440918,0,10.5600004196167,0.06999969482421875,0.66,0.9399995803833008
2025-09-24 00:00:00,10.630000114440918,10.890000343322754,10.109999656677246,10.520000457763672,0,10.630000114440918,-0.1099996566772461,-1.03,0.7800006866455078
2025-09-25 00:00:00,10.520000457763672,10.899999618530273,10.289999961853027,10.779999732971191,0,10.520000457763672,0.25999927520751953,2.47,0.6099996566772461
2025-09-26 00:00:00,10.779999732971191,11.680000305175781,10.170000076293945,11.430000305175781,0,10.779999732971191,0.6500005722045898,6.03,1.510000228881836
2025-09-29 00:00:00,11.430000305175781,11.729999542236328,10.619999885559082,11.369999885559082,0,11.430000305175781,-0.06000041961669922,-0.52,1.109999656677246
2025-09-30 00:00:00,11.369999885559082,11.789999961853027,10.930000305175781,11.069999694824219,0,11.369999885559082,-0.3000001907348633,-2.64,0.8599996566772461
2025-10-01 00:00:00,11.069999694824219,11.260000228881836,10.149999618530273,10.289999961853027,0,11.069999694824219,-0.7799997329711914,-7.05,1.1100006103515625
2025-10-03 00:00:00,10.289999961853027,10.619999885559082,9.949999809265137,10.0600004196167,0,10.289999961853027,-0.22999954223632812,-2.24,0.6700000762939453
2025-10-06 00:00:00,10.0600004196167,10.539999961853027,9.65999984741211,10.1899995803833,0,10.0600004196167,0.12999916076660156,1.29,0.880000114440918
2025-10-07 00:00:00,10.1899995803833,10.449999809265137,10,10.050000190734863,0,10.1899995803833,-0.1399993896484375,-1.37,0.4499998092651367
2025-10-08 00:00:00,10.050000190734863,10.520000457763672,9.6899995803833,10.3100004196167,0,10.050000190734863,0.26000022888183594,2.59,0.8300008773803711
2025-10-09 00:00:00,10.3100004196167,10.569999694824219,10,10.119999885559082,0,10.3100004196167,-0.1900005340576172,-1.84,0.5699996948242188
2025-10-10 00:00:00,10.119999885559082,10.34000015258789,9.710000038146973,10.100000381469727,0,10.119999885559082,-0.01999950408935547,-0.20,0.630000114440918
2025-10-13 00:00:00,10.100000381469727,11.260000228881836,9.779999732971191,11.010000228881836,0,10.100000381469727,0.9099998474121094,9.01,1.4800004959106445
2025-10-14 00:00:00,11.010000228881836,11.670000076293945,10.010000228881836,11.15999984741211,0,11.010000228881836,0.14999961853027344,1.36,1.6599998474121094
2025-10-15 00:00:00,11.15999984741211,11.15999984741211,10.430000305175781,10.529999732971191,0,11.15999984741211,-0.630000114440918,-5.65,0.7299995422363281
2025-10-16 00:00:00,10.529999732971191,11.0600004196167,10.380000114440918,10.869999885559082,0,10.529999732971191,0.3400001525878906,3.23,0.6800003051757812
2025-10-17 00:00:00,10.869999885559082,11.8100004196167,9.779999732971191,11.630000114440918,0,10.869999885559082,0.7600002288818359,6.99,2.030000686645508
2025-10-20 00:00:00,11.630000114440918,11.880000114440918,10.670000076293945,11.359999656677246,0,11.630000114440918,-0.2700004577636719,-2.32,1.2100000381469727
2025-10-21 00:00:00,11.359999656677246,11.600000381469727,10.699999809265137,11.300000190734863,0,11.359999656677246,-0.05999946594238281,-0.53,0.9000005722045898
2025-10-23 00:00:00,11.300000190734863,12.050000190734863,10.739999771118164,11.729999542236328,0,11.300000190734863,0.42999935150146484,3.81,1.3100004196166992
2025-10-24 00:00:00,11.729999542236328,11.9399995803833,11.4399995803833,11.59000015258789,0,11.729999542236328,-0.1399993896484375,-1.19,0.5
2025-10-27 00:00:00,11.59000015258789,12.729999542236328,11.279999732971191,11.859999656677246,0,11.59000015258789,0.26999950408935547,2.33,1.4499998092651367
2025-10-28 00:00:00,11.859999656677246,12.640000343322754,10.710000038146973,11.949999809265137,0,11.859999656677246,0.09000015258789062,0.76,1.9300003051757812
2025-10-29 00:00:00,11.949999809265137,12.100000381469727,11.229999542236328,11.970000267028809,0,11.949999809265137,0.020000457763671875,0.17,0.8700008392333984
2025-10-30 00:00:00,11.970000267028809,12.270000457763672,11.710000038146973,12.069999694824219,0,11.970000267028809,0.09999942779541016,0.84,0.5600004196166992
2025-10-31 00:00:00,12.069999694824219,12.289999961853027,11.770000457763672,12.149999618530273,0,12.069999694824219,0.07999992370605469,0.66,0.5199995040893555
2025-11-03 00:00:00,12.149999618530273,12.9399995803833,11.789999961853027,12.670000076293945,0,12.149999618530273,0.5200004577636719,4.28,1.1499996185302734
2025-11-04 00:00:00,12.670000076293945,12.9399995803833,10.979999542236328,12.649999618530273,0,12.670000076293945,-0.020000457763671875,-0.16,1.9600000381469727
2025-11-06 00:00:00,12.649999618530273,12.869999885559082,12.0600004196167,12.40999984741211,0,12.649999618530273,-0.23999977111816406,-1.90,0.8099994659423828
2025-11-07 00:00:00,12.40999984741211,12.670000076293945,11.960000038146973,12.5600004196167,0,12.40999984741211,0.15000057220458984,1.21,0.7100000381469727
2025-11-10 00:00:00,12.5600004196167,12.930000305175781,11.40999984741211,12.300000190734863,0,12.5600004196167,-0.26000022888183594,-2.07,1.5200004577636719
2025-11-11 00:00:00,12.300000190734863,13.010000228881836,11.989999771118164,12.489999771118164,0,12.300000190734863,0.18999958038330078,1.54,1.0200004577636719
2025-11-12 00:00:00,12.489999771118164,12.710000038146973,11.4399995803833,12.109999656677246,0,12.489999771118164,-0.38000011444091797,-3.04,1.2700004577636719
2025-11-13 00:00:00,12.109999656677246,12.270000457763672,11.229999542236328,12.15999984741211,0,12.109999656677246,0.05000019073486328,0.41,1.0400009155273438
2025-11-14 00:00:00,12.15999984741211,12.449999809265137,11.800000190734863,11.9399995803833,0,12.15999984741211,-0.2200002670288086,-1.81,0.6499996185302734
2025-11-17 00:00:00,11.9399995803833,12.279999732971191,10.899999618530273,11.789999961853027,0,11.9399995803833,-0.14999961853027344,-1.26,1.380000114440918
2025-11-18 00:00:00,11.789999961853027,12.289999961853027,10.9399995803833,12.100000381469727,0,11.789999961853027,0.3100004196166992,2.63,1.3500003814697266
2025-11-19 00:00:00,12.100000381469727,12.380000114440918,10.770000457763672,11.970000267028809,0,12.100000381469727,-0.13000011444091797,-1.07,1.609999656677246
2025-11-20 00:00:00,11.970000267028809,12.380000114440918,11.0600004196167,12.140000343322754,0,11.970000267028809,0.1700000762939453,1.42,1.3199996948242188
2025-11-21 00:00:00,12.140000343322754,13.850000381469727,12.140000343322754,13.630000114440918,0,12.140000343322754,1.489999771118164,12.27,1.7100000381469727
2025-11-24 00:00:00,13.630000114440918,13.630000114440918,11.9399995803833,13.239999771118164,0,13.630000114440918,-0.3900003433227539,-2.86,1.6900005340576172
2025-11-25 00:00:00,13.239999771118164,13.239999771118164,10.859999656677246,12.239999771118164,0,13.239999771118164,-1,-7.55,2.380000114440918
2025-11-26 00:00:00,12.239999771118164,12.569999694824219,11.59000015258789,11.970000267028809,0,12.239999771118164,-0.26999950408935547,-2.21,0.9799995422363281
2025-11-27 00:00:00,11.970000267028809,12.239999771118164,11.510000228881836,11.789999961853027,0,11.970000267028809,-0.18000030517578125,-1.50,0.7299995422363281
2025-11-28 00:00:00,11.789999961853027,11.789999961853027,10.819999694824219,11.619999885559082,0,11.789999961853027,-0.1700000762939453,-1.44,0.9700002670288086
2025-12-01 00:00:00,11.619999885559082,12.010000228881836,10.899999618530273,11.630000114440918,0,11.619999885559082,0.010000228881835938,0.09,1.1100006103515625
2025-12-02 00:00:00,11.630000114440918,11.9399995803833,11.029999732971191,11.229999542236328,0,11.630000114440918,-0.40000057220458984,-3.44,0.9099998474121094
2025-12-03 00:00:00,11.229999542236328,11.369999885559082,10.920000076293945,11.210000038146973,0,11.229999542236328,-0.01999950408935547,-0.18,0.4499998092651367
2025-12-04 00:00:00,11.210000038146973,11.270000457763672,10.579999923706055,10.819999694824219,0,11.210000038146973,-0.3900003433227539,-3.48,0.6900005340576172
2025-12-05 00:00:00,10.819999694824219,10.869999885559082,10.15999984741211,10.319999694824219,0,10.819999694824219,-0.5,-4.62,0.7100000381469727
2025-12-08 00:00:00,10.319999694824219,11.609999656677246,10.140000343322754,11.130000114440918,0,10.319999694824219,0.8100004196166992,7.85,1.4699993133544922
2025-12-09 00:00:00,11.130000114440918,11.880000114440918,10.460000038146973,10.949999809265137,0,11.130000114440918,-0.18000030517578125,-1.62,1.4200000762939453
2025-12-10 00:00:00,10.949999809265137,11.420000076293945,10.489999771118164,10.90999984741211,0,10.949999809265137,-0.039999961853027344,-0.37,0.9300003051757812
2025-12-11 00:00:00,10.90999984741211,11.1899995803833,10.319999694824219,10.399999618530273,0,10.90999984741211,-0.5100002288818359,-4.67,0.869999885559082
2025-12-12 00:00:00,10.399999618530273,10.399999618530273,9.960000038146973,10.109999656677246,0,10.399999618530273,-0.28999996185302734,-2.79,0.4399995803833008
2025-12-15 00:00:00,10.109999656677246,10.84000015258789,10.050000190734863,10.25,0,10.109999656677246,0.1400003433227539,1.38,0.7899999618530273
2025-12-16 00:00:00,10.25,10.430000305175781,9.65999984741211,10.0600004196167,0,10.25,-0.18999958038330078,-1.85,0.7700004577636719
2025-12-17 00:00:00,10.0600004196167,10.180000305175781,9.479999542236328,9.84000015258789,0,10.0600004196167,-0.2200002670288086,-2.19,0.7000007629394531
2025-12-18 00:00:00,9.84000015258789,9.949999809265137,9.609999656677246,9.710000038146973,0,9.84000015258789,-0.13000011444091797,-1.32,0.3400001525878906
2025-12-19 00:00:00,9.710000038146973,10.3100004196167,9.4399995803833,9.520000457763672,0,9.710000038146973,-0.18999958038330078,-1.96,0.8700008392333984
2025-12-22 00:00:00,9.520000457763672,9.899999618530273,8.859999656677246,9.680000305175781,0,9.520000457763672,0.15999984741210938,1.68,1.0399999618530273
2025-12-23 00:00:00,9.680000305175781,9.789999961853027,9.319999694824219,9.380000114440918,0,9.680000305175781,-0.3000001907348633,-3.10,0.4700002670288086
2025-12-24 00:00:00,9.380000114440918,9.680000305175781,8.880000114440918,9.1899995803833,0,9.380000114440918,-0.1900005340576172,-2.03,0.8000001907348633
2025-12-26 00:00:00,9.1899995803833,9.399999618530273,9.020000457763672,9.149999618530273,0,9.1899995803833,-0.039999961853027344,-0.44,0.37999916076660156
2025-12-29 00:00:00,9.149999618530273,9.770000457763672,9.050000190734863,9.720000267028809,0,9.149999618530273,0.5700006484985352,6.23,0.7200002670288086
2025-12-30 00:00:00,9.720000267028809,9.989999771118164,9.59000015258789,9.680000305175781,0,9.720000267028809,-0.039999961853027344,-0.41,0.39999961853027344
2025-12-31 00:00:00,9.680000305175781,9.729999542236328,9.3100004196167,9.479999542236328,0,9.680000305175781,-0.20000076293945312,-2.07,0.4199991226196289
2026-01-02 00:00:00,9.1899995803833,9.5600004196167,8.970000267028809,9.449999809265137,0,9.479999542236328,-0.029999732971191406,-0.32,0.5900001525878906
2026-01-05 00:00:00,9.449999809265137,10.220000267028809,9.289999961853027,10.020000457763672,0,9.449999809265137,0.5700006484985352,6.03,0.9300003051757812
2026-01-06 00:00:00,10.020000457763672,10.289999961853027,9.649999618530273,10.020000457763672,0,10.020000457763672,0,0.00,0.6400003433227539
2026-01-07 00:00:00,10.020000457763672,10.239999771118164,9.75,9.949999809265137,0,10.020000457763672,-0.07000064849853516,-0.70,0.48999977111816406
2026-01-08 00:00:00,9.949999809265137,10.989999771118164,9.479999542236328,10.600000381469727,0,9.949999809265137,0.6500005722045898,6.53,1.510000228881836
2026-01-09 00:00:00,10.600000381469727,11.039999961853027,10.220000267028809,10.930000305175781,0,10.600000381469727,0.3299999237060547,3.11,0.8199996948242188
2026-01-12 00:00:00,10.930000305175781,11.949999809265137,10.520000457763672,11.369999885559082,0,10.930000305175781,0.4399995803833008,4.03,1.4299993515014648
2026-01-13 00:00:00,11.369999885559082,11.680000305175781,10.640000343322754,11.199999809265137,0,11.369999885559082,-0.1700000762939453,-1.50,1.0399999618530273
2026-01-14 00:00:00,11.199999809265137,11.470000267028809,11.010000228881836,11.319999694824219,0,11.199999809265137,0.11999988555908203,1.07,0.46000003814697266
2026-01-16 00:00:00,11.319999694824219,11.579999923706055,10.880000114440918,11.369999885559082,0,11.319999694824219,0.05000019073486328,0.44,0.6999998092651367
2026-01-19 00:00:00,11.369999885559082,12.130000114440918,10.390000343322754,11.829999923706055,0,11.369999885559082,0.46000003814697266,4.05,1.739999771118164
2026-01-20 00:00:00,11.829999923706055,12.899999618530273,11,12.729999542236328,0,11.829999923706055,0.8999996185302734,7.61,1.8999996185302734
2026-01-21 00:00:00,12.729999542236328,14.430000305175781,12.430000305175781,13.779999732971191,0,12.729999542236328,1.0500001907348633,8.25,2
2026-01-22 00:00:00,13.779999732971191,14.329999923706055,12.90999984741211,13.350000381469727,0,13.779999732971191,-0.42999935150146484,-3.12,1.4200000762939453
2026-01-23 00:00:00,13.350000381469727,14.430000305175781,12.279999732971191,14.1899995803833,0,13.350000381469727,0.8399991989135742,6.29,2.15000057220459
2026-01-27 00:00:00,14.1899995803833,16.059999465942383,13.920000076293945,14.449999809265137,0,14.1899995803833,0.26000022888183594,1.83,2.1399993896484375
2026-01-28 00:00:00,14.449999809265137,14.510000228881836,13.4399995803833,13.529999732971191,0,14.449999809265137,-0.9200000762939453,-6.37,1.0700006484985352
2026-01-29 00:00:00,13.529999732971191,14.1899995803833,13.069999694824219,13.369999885559082,0,13.529999732971191,-0.15999984741210938,-1.18,1.119999885559082
2026-01-30 00:00:00,13.369999885559082,14.229999542236328,12.880000114440918,13.630000114440918,0,13.369999885559082,0.26000022888183594,1.94,1.3499994277954102
2026-02-02 00:00:00,15.100000381469727,15.550000190734863,13.579999923706055,13.869999885559082,0,13.630000114440918,0.23999977111816406,1.76,1.9700002670288086
2026-02-03 00:00:00,13.869999885559082,15.470000267028809,11.850000381469727,12.899999618530273,0,13.869999885559082,-0.9700002670288086,-6.99,3.619999885559082
2026-02-04 00:00:00,12.899999618530273,13.149999618530273,12.0600004196167,12.25,0,12.899999618530273,-0.6499996185302734,-5.04,1.0899991989135742
2026-02-05 00:00:00,12.25,12.550000190734863,10.9399995803833,12.170000076293945,0,12.25,-0.07999992370605469,-0.65,1.6100006103515625
2026-02-06 00:00:00,12.170000076293945,12.350000381469727,11.15999984741211,11.9399995803833,0,12.170000076293945,-0.23000049591064453,-1.89,1.1900005340576172
2026-02-09 00:00:00,11.9399995803833,12.279999732971191,10.670000076293945,12.1899995803833,0,11.9399995803833,0.25,2.09,1.609999656677246
2026-02-10 00:00:00,12.1899995803833,12.1899995803833,10.359999656677246,11.670000076293945,0,12.1899995803833,-0.5199995040893555,-4.27,1.8299999237060547
2026-02-11 00:00:00,11.670000076293945,11.710000038146973,10.5600004196167,11.550000190734863,0,11.670000076293945,-0.11999988555908203,-1.03,1.1499996185302734
2026-02-12 00:00:00,11.550000190734863,12.109999656677246,10.850000381469727,11.729999542236328,0,11.550000190734863,0.17999935150146484,1.56,1.2599992752075195
2026-02-13 00:00:00,11.729999542236328,13.579999923706055,10.960000038146973,13.289999961853027,0,11.729999542236328,1.5600004196166992,13.30,2.619999885559082
2026-02-16 00:00:00,13.289999961853027,13.829999923706055,13.239999771118164,13.329999923706055,0,13.289999961853027,0.039999961853027344,0.30,0.5900001525878906
2026-02-17 00:00:00,13.329999923706055,13.479999542236328,11.630000114440918,12.670000076293945,0,13.329999923706055,-0.6599998474121094,-4.95,1.8499994277954102
2026-02-18 00:00:00,12.670000076293945,12.770000457763672,11.350000381469727,12.220000267028809,0,12.670000076293945,-0.4499998092651367,-3.55,1.4200000762939453
2026-02-19 00:00:00,12.220000267028809,13.680000305175781,9.729999542236328,13.460000038146973,0,12.220000267028809,1.239999771118164,10.15,3.950000762939453
2026-02-20 00:00:00,13.460000038146973,14.779999732971191,13.100000381469727,14.359999656677246,0,13.460000038146973,0.8999996185302734,6.69,1.6799993515014648
2026-02-23 00:00:00,14.359999656677246,14.479999542236328,12.770000457763672,14.170000076293945,0,14.359999656677246,-0.18999958038330078,-1.32,1.7099990844726562
2026-02-24 00:00:00,14.170000076293945,14.949999809265137,12.350000381469727,14.149999618530273,0,14.170000076293945,-0.020000457763671875,-0.14,2.59999942779541
2026-02-25 00:00:00,14.149999618530273,14.149999618530273,12.84000015258789,13.489999771118164,0,14.149999618530273,-0.6599998474121094,-4.66,1.3099994659423828
2026-02-26 00:00:00,13.489999771118164,13.609999656677246,11.8100004196167,13.0600004196167,0,13.489999771118164,-0.42999935150146484,-3.19,1.7999992370605469
2026-02-27 00:00:00,13.0600004196167,14.039999961853027,11.199999809265137,13.699999809265137,0,13.0600004196167,0.6399993896484375,4.90,2.8400001525878906
2026-03-02 00:00:00,13.699999809265137,17.809999465942383,12.829999923706055,17.1299991607666,0,13.699999809265137,3.429999351501465,25.04,4.979999542236328
2026-03-04 00:00:00,17.1299991607666,21.3700008392334,16.969999313354492,21.139999389648438,0,17.1299991607666,4.010000228881836,23.41,4.400001525878906
2026-03-05 00:00:00,21.139999389648438,21.139999389648438,17.299999237060547,17.860000610351562,0,21.139999389648438,-3.279998779296875,-15.52,3.8400001525878906
2026-03-06 00:00:00,17.860000610351562,20.139999389648438,17.200000762939453,19.8799991607666,0,17.860000610351562,2.019998550415039,11.31,2.9399986267089844
2026-03-09 00:00:00,19.8799991607666,24.489999771118164,19.219999313354492,23.360000610351562,0,19.8799991607666,3.480001449584961,17.51,5.270000457763672
2026-03-10 00:00:00,23.360000610351562,23.360000610351562,18.780000686645508,18.90999984741211,0,23.360000610351562,-4.450000762939453,-19.05,4.579999923706055
2026-03-11 00:00:00,18.90999984741211,21.389999389648438,17.239999771118164,21.059999465942383,0,18.90999984741211,2.1499996185302734,11.37,4.149999618530273
2026-03-12 00:00:00,21.059999465942383,22.360000610351562,20.81999969482422,21.520000457763672,0,21.059999465942383,0.46000099182128906,2.18,1.5400009155273438
2026-03-13 00:00:00,21.520000457763672,22.8799991607666,21.25,22.649999618530273,0,21.520000457763672,1.1299991607666016,5.25,1.6299991607666016
2026-03-16 00:00:00,22.649999618530273,22.8799991607666,19.81999969482422,21.600000381469727,0,22.649999618530273,-1.0499992370605469,-4.64,3.059999465942383
2026-03-17 00:00:00,21.600000381469727,21.600000381469727,19.6299991607666,19.790000915527344,0,21.600000381469727,-1.8099994659423828,-8.38,1.970001220703125
2026-03-18 00:00:00,19.790000915527344,19.790000915527344,18.59000015258789,18.719999313354492,0,19.790000915527344,-1.0700016021728516,-5.41,1.2000007629394531
2026-03-19 00:00:00,18.719999313354492,23.200000762939453,18.719999313354492,22.799999237060547,0,18.719999313354492,4.079999923706055,21.79,4.480001449584961
2026-03-20 00:00:00,22.799999237060547,23.139999389648438,21.690000534057617,22.809999465942383,0,22.799999237060547,0.010000228881835938,0.04,1.4499988555908203
2026-03-23 00:00:00,22.809999465942383,27.170000076293945,22.809999465942383,26.729999542236328,0,22.809999465942383,3.9200000762939453,17.19,4.3600006103515625
2026-03-24 00:00:00,26.729999542236328,26.729999542236328,24.6299991607666,24.739999771118164,0,26.729999542236328,-1.989999771118164,-7.44,2.1000003814697266
2026-03-25 00:00:00,24.739999771118164,25.229999542236328,24.139999389648438,24.639999389648438,0,24.739999771118164,-0.10000038146972656,-0.40,1.0900001525878906
2026-03-27 00:00:00,24.639999389648438,27.09000015258789,23.389999389648438,26.799999237060547,0,24.639999389648438,2.1599998474121094,8.77,3.700000762939453
2026-03-30 00:00:00,26.799999237060547,28.90999984741211,26.799999237060547,27.889999389648438,0,26.799999237060547,1.0900001525878906,4.07,2.1100006103515625
2026-04-01 00:00:00,27.889999389648438,27.889999389648438,23.649999618530273,25.010000228881836,0,27.889999389648438,-2.8799991607666016,-10.33,4.239999771118164
2026-04-02 00:00:00,25.010000228881836,26.600000381469727,25.010000228881836,25.520000457763672,0,25.010000228881836,0.5100002288818359,2.04,1.5900001525878906
2026-04-06 00:00:00,25.520000457763672,26.559999465942383,25.079999923706055,25.469999313354492,0,25.520000457763672,-0.05000114440917969,-0.20,1.4799995422363281
2026-04-07 00:00:00,25.469999313354492,26.260000228881836,24.549999237060547,24.700000762939453,0,25.469999313354492,-0.7699985504150391,-3.02,1.710000991821289
2026-04-08 00:00:00,24.700000762939453,24.700000762939453,19.309999465942383,19.700000762939453,0,24.700000762939453,-5,-20.24,5.39000129699707
2026-04-09 00:00:00,19.700000762939453,20.940000534057617,19.170000076293945,20.43000030517578,0,19.700000762939453,0.7299995422363281,3.71,1.7700004577636719
2026-04-10 00:00:00,20.43000030517578,20.43000030517578,18.3700008392334,18.850000381469727,0,20.43000030517578,-1.5799999237060547,-7.73,2.059999465942383
2026-04-13 00:00:00,18.850000381469727,21.510000228881836,18.18000030517578,20.5,0,18.850000381469727,1.6499996185302734,8.75,3.3299999237060547
2026-04-15 00:00:00,20.5,20.5,17.34000015258789,18.670000076293945,0,20.5,-1.8299999237060547,-8.93,3.1599998474121094
2026-04-16 00:00:00,18.670000076293945,18.670000076293945,16.829999923706055,18.09000015258789,0,18.670000076293945,-0.5799999237060547,-3.11,1.8400001525878906
2026-04-17 00:00:00,18.09000015258789,18.469999313354492,16.59000015258789,17.209999084472656,0,18.09000015258789,-0.8800010681152344,-4.86,1.8799991607666016
2026-04-20 00:00:00,17.209999084472656,19.010000228881836,16.479999542236328,18.790000915527344,0,17.209999084472656,1.5800018310546875,9.18,2.530000686645508
2026-04-21 00:00:00,18.790000915527344,18.790000915527344,17.450000762939453,17.530000686645508,0,18.790000915527344,-1.260000228881836,-6.71,1.3400001525878906
2026-04-22 00:00:00,17.530000686645508,18.729999542236328,17.25,18.299999237060547,0,17.530000686645508,0.7699985504150391,4.39,1.4799995422363281
2026-04-23 00:00:00,18.299999237060547,19.1200008392334,17.489999771118164,18.59000015258789,0,18.299999237060547,0.29000091552734375,1.58,1.6300010681152344
2026-04-24 00:00:00,18.59000015258789,19.899999618530273,18.059999465942383,19.709999084472656,0,18.59000015258789,1.1199989318847656,6.02,1.8400001525878906
2026-04-27 00:00:00,19.709999084472656,19.709999084472656,18.270000457763672,18.3799991607666,0,19.709999084472656,-1.3299999237060547,-6.75,1.4399986267089844
2026-04-28 00:00:00,18.3799991607666,18.40999984741211,17.270000457763672,18.049999237060547,0,18.3799991607666,-0.3299999237060547,-1.80,1.1399993896484375
2026-04-29 00:00:00,18.049999237060547,18.049999237060547,16.75,17.440000534057617,0,18.049999237060547,-0.6099987030029297,-3.38,1.2999992370605469
2026-04-30 00:00:00,17.440000534057617,19.479999542236328,17.190000534057617,18.459999084472656,0,17.440000534057617,1.019998550415039,5.85,2.289999008178711
2026-05-04 00:00:00,18.459999084472656,18.8799991607666,16.75,18.299999237060547,0,18.459999084472656,-0.15999984741210938,-0.87,2.1299991607666016
2026-05-05 00:00:00,18.299999237060547,18.84000015258789,17.709999084472656,17.90999984741211,0,18.299999237060547,-0.3899993896484375,-2.13,1.1300010681152344
2026-05-06 00:00:00,17.90999984741211,18.079999923706055,16.579999923706055,16.68000030517578,0,17.90999984741211,-1.2299995422363281,-6.87,1.5
2026-05-07 00:00:00,16.68000030517578,17.200000762939453,15.170000076293945,16.6200008392334,0,16.68000030517578,-0.05999946594238281,-0.36,2.030000686645508
2026-05-08 00:00:00,16.6200008392334,17.43000030517578,16.15999984741211,16.84000015258789,0,16.6200008392334,0.2199993133544922,1.32,1.2700004577636719
2026-05-11 00:00:00,16.84000015258789,18.969999313354492,16.84000015258789,18.549999237060547,0,16.84000015258789,1.7099990844726562,10.15,2.1299991607666016
2026-05-12 00:00:00,18.549999237060547,19.459999084472656,17.6299991607666,19.280000686645508,0,18.549999237060547,0.7300014495849609,3.94,1.8299999237060547
2026-05-13 00:00:00,19.280000686645508,20.1299991607666,18.360000610351562,19.43000030517578,0,19.280000686645508,0.14999961853027344,0.78,1.769998550415039
2026-05-14 00:00:00,19.43000030517578,19.43000030517578,18.389999389648438,18.610000610351562,0,19.43000030517578,-0.8199996948242188,-4.22,1.0400009155273438
2026-05-15 00:00:00,18.610000610351562,19.010000228881836,17.420000076293945,18.790000915527344,0,18.610000610351562,0.18000030517578125,0.97,1.5900001525878906
2026-05-18 00:00:00,18.790000915527344,20.059999465942383,17.719999313354492,19.6299991607666,0,18.790000915527344,0.8399982452392578,4.47,2.3400001525878906
2026-05-19 00:00:00,19.6299991607666,19.6299991607666,18.270000457763672,18.68000030517578,0,19.6299991607666,-0.9499988555908203,-4.84,1.3599987030029297
2026-05-20 00:00:00,18.68000030517578,19.459999084472656,18.059999465942383,18.440000534057617,0,18.68000030517578,-0.23999977111816406,-1.28,1.3999996185302734
2026-05-21 00:00:00,18.440000534057617,18.440000534057617,17.43000030517578,17.81999969482422,0,18.440000534057617,-0.6200008392333984,-3.36,1.010000228881836
2026-05-22 00:00:00,17.81999969482422,19.030000686645508,16.469999313354492,17.90999984741211,0,17.81999969482422,0.09000015258789062,0.51,2.5600013732910156
2026-05-25 00:00:00,17.90999984741211,17.90999984741211,16.389999389648438,16.700000762939453,0,17.90999984741211,-1.2099990844726562,-6.76,1.5200004577636719
2026-05-26 00:00:00,16.700000762939453,16.959999084472656,15.359999656677246,16.1299991607666,0,16.700000762939453,-0.5700016021728516,-3.41,1.5999994277954102
2026-05-27 00:00:00,16.1299991607666,16.329999923706055,14.699999809265137,14.979999542236328,0,16.1299991607666,-1.1499996185302734,-7.13,1.630000114440918
2026-05-29 00:00:00,14.979999542236328,16.549999237060547,14.59000015258789,16.190000534057617,0,14.979999542236328,1.210000991821289,8.08,1.9599990844726562
2026-06-01 00:00:00,16.190000534057617,16.920000076293945,13.90999984741211,16.540000915527344,0,16.190000534057617,0.35000038146972656,2.16,3.010000228881836
2026-06-02 00:00:00,16.540000915527344,16.540000915527344,15.119999885559082,15.359999656677246,0,16.540000915527344,-1.1800012588500977,-7.13,1.4200010299682617
2026-06-03 00:00:00,15.359999656677246,16.979999542236328,14.850000381469727,16.280000686645508,0,15.359999656677246,0.9200010299682617,5.99,2.1299991607666016
2026-06-04 00:00:00,16.280000686645508,16.40999984741211,15.529999732971191,15.890000343322754,0,16.280000686645508,-0.3900003433227539,-2.40,0.880000114440918
2026-06-05 00:00:00,15.890000343322754,16.3700008392334,13.460000038146973,15.789999961853027,0,15.890000343322754,-0.10000038146972656,-0.63,2.910000801086426
2026-06-08 00:00:00,15.789999961853027,18.440000534057617,15.789999961853027,17.030000686645508,0,15.789999961853027,1.2400007247924805,7.85,2.65000057220459
2026-06-09 00:00:00,17.030000686645508,17.030000686645508,15.520000457763672,15.579999923706055,0,17.030000686645508,-1.4500007629394531,-8.51,1.510000228881836
2026-06-10 00:00:00,15.579999923706055,15.850000381469727,14.899999618530273,15.630000114440918,0,15.579999923706055,0.05000019073486328,0.32,0.9500007629394531
2026-06-11 00:00:00,15.630000114440918,15.949999809265137,15.119999885559082,15.609999656677246,0,15.630000114440918,-0.020000457763671875,-0.13,0.8299999237060547
2026-06-12 00:00:00,15.609999656677246,15.609999656677246,14.399999618530273,14.720000267028809,0,15.609999656677246,-0.8899993896484375,-5.70,1.2100000381469727
2026-06-15 00:00:00,14.720000267028809,14.720000267028809,13.5600004196167,14.350000381469727,0,14.720000267028809,-0.36999988555908203,-2.51,1.1599998474121094
2026-06-16 00:00:00,14.350000381469727,14.350000381469727,13.010000228881836,13.359999656677246,0,14.350000381469727,-0.9900007247924805,-6.90,1.3400001525878906
2026-06-17 00:00:00,13.359999656677246,13.529999732971191,12.350000381469727,13.1899995803833,0,13.359999656677246,-0.1700000762939453,-1.27,1.1799993515014648
2026-06-18 00:00:00,13.1899995803833,13.229999542236328,11.989999771118164,12.670000076293945,0,13.1899995803833,-0.5199995040893555,-3.94,1.239999771118164
2026-06-19 00:00:00,12.670000076293945,13.640000343322754,12.069999694824219,12.970000267028809,0,12.670000076293945,0.3000001907348633,2.37,1.5700006484985352
2026-06-22 00:00:00,12.970000267028809,13.510000228881836,12.649999618530273,12.84000015258789,0,12.970000267028809,-0.13000011444091797,-1.00,0.8600006103515625
2026-06-23 00:00:00,12.84000015258789,14.239999771118164,12.430000305175781,13.9399995803833,0,12.84000015258789,1.0999994277954102,8.57,1.8099994659423828
2026-06-24 00:00:00,13.9399995803833,14.300000190734863,13.300000190734863,13.390000343322754,0,13.9399995803833,-0.5499992370605469,-3.95,1
2026-06-25 00:00:00,13.390000343322754,13.390000343322754,12.430000305175781,13.050000190734863,0,13.390000343322754,-0.3400001525878906,-2.54,0.9600000381469727
2026-06-29 00:00:00,13.050000190734863,14.069999694824219,12.920000076293945,13.609999656677246,0,13.050000190734863,0.5599994659423828,4.29,1.1499996185302734
2026-06-30 00:00:00,13.609999656677246,13.970000267028809,13.149999618530273,13.600000381469727,0,13.609999656677246,-0.009999275207519531,-0.07,0.8200006484985352
2026-07-01 00:00:00,13.600000381469727,14.069999694824219,13.149999618530273,13.239999771118164,0,13.600000381469727,-0.3600006103515625,-2.65,0.9200000762939453
2026-07-02 00:00:00,13.239999771118164,13.289999961853027,12.1899995803833,12.289999961853027,0,13.239999771118164,-0.9499998092651367,-7.18,1.1000003814697266
2026-07-03 00:00:00,12.289999961853027,12.289999961853027,11.649999618530273,11.800000190734863,0,12.289999961853027,-0.48999977111816406,-3.99,0.6400003433227539
2026-07-06 00:00:00,11.800000190734863,12.359999656677246,11.699999809265137,11.819999694824219,0,11.800000190734863,0.01999950408935547,0.17,0.6599998474121094
2026-07-07 00:00:00,11.819999694824219,11.9399995803833,11.0600004196167,11.649999618530273,0,11.819999694824219,-0.1700000762939453,-1.44,0.8799991607666016
2026-07-08 00:00:00,11.649999618530273,15.15999984741211,11.34000015258789,14.680000305175781,0,11.649999618530273,3.030000686645508,26.01,3.8199996948242188
2026-07-09 00:00:00,14.680000305175781,14.680000305175781,13.069999694824219,13.359999656677246,0,14.680000305175781,-1.3200006484985352,-8.99,1.6100006103515625
2026-07-10 00:00:00,13.359999656677246,13.359999656677246,12.130000114440918,12.25,0,13.359999656677246,-1.109999656677246,-8.31,1.2299995422363281
2026-07-13 00:00:00,12.25,13.520000457763672,9.479999542236328,13.279999732971191,0,12.25,1.0299997329711914,8.41,4.040000915527344
2026-07-14 00:00:00,13.279999732971191,13.869999885559082,11.65999984741211,13.75,0,13.279999732971191,0.4700002670288086,3.54,2.2100000381469727
2026-07-15 00:00:00,13.75,13.869999885559082,13.039999961853027,13.270000457763672,0,13.75,-0.4799995422363281,-3.49,0.8299999237060547
2026-07-16 00:00:00,13.270000457763672,13.270000457763672,12.779999732971191,12.880000114440918,0,13.270000457763672,-0.3900003433227539,-2.94,0.49000072479248047
2026-07-17 00:00:00,12.880000114440918,13.350000381469727,12.8100004196167,13.149999618530273,0,12.880000114440918,0.26999950408935547,2.10,0.5399999618530273
2026-07-20 00:00:00,13.149999618530273,13.84000015258789,12.890000343322754,12.979999542236328,0,13.149999618530273,-0.1700000762939453,-1.29,0.9499998092651367
2026-07-21 00:00:00,12.979999542236328,13.079999923706055,12.100000381469727,12.600000381469727,0,12.979999542236328,-0.37999916076660156,-2.93,0.9799995422363281
2026-07-22 00:00:00,12.600000381469727,13.430000305175781,11.729999542236328,13.289999961853027,0,12.600000381469727,0.6899995803833008,5.48,1.7000007629394531
2026-07-23 00:00:00,13.289999961853027,13.739999771118164,12.920000076293945,13.479999542236328,0,13.289999961853027,0.18999958038330078,1.43,0.8199996948242188
2026-07-24 00:00:00,13.479999542236328,14.770000457763672,13.180000305175781,14.029999732971191,0,13.479999542236328,0.5500001907348633,4.08,1.5900001525878906
2026-07-27 00:00:00,14.029999732971191,14.329999923706055,12.600000381469727,12.65999984741211,0,14.029999732971191,-1.369999885559082,-9.76,1.7299995422363281
2026-07-28 00:00:00,12.65999984741211,12.819999694824219,11.720000267028809,12.5600004196167,0,12.65999984741211,-0.09999942779541016,-0.79,1.0999994277954102
2026-07-29 00:00:00,12.5600004196167,12.5600004196167,11.5600004196167,12.010000228881836,0,12.5600004196167,-0.5500001907348633,-4.38,1
2026-07-30 00:00:00,12.010000228881836,12.319999694824219,11.300000190734863,12.15999984741211,0,12.010000228881836,0.14999961853027344,1.25,1.0199995040893555
2026-07-31 00:00:00,12.15999984741211,12.210000038146973,11.649999618530273,11.760000228881836,0,12.15999984741211,-0.39999961853027344,-3.29,0.5600004196166992
2026-08-03 00:00:00,11.760000228881836,12.0600004196167,11.699999809265137,11.930000305175781,0,11.760000228881836,0.1700000762939453,1.45,0.3600006103515625
2026-08-04 00:00:00,11.930000305175781,12.550000190734863,11.430000305175781,12.1899995803833,0,11.930000305175781,0.25999927520751953,2.18,1.119999885559082
2026-08-05 00:00:00,12.1899995803833,12.670000076293945,10.8100004196167,12.0600004196167,0,12.1899995803833,-0.12999916076660156,-1.07,1.859999656677246
2026-08-06 00:00:00,12.0600004196167,12.430000305175781,10.100000381469727,12.15999984741211,0,12.0600004196167,0.09999942779541016,0.83,2.3299999237060547
2026-08-07 00:00:00,12.15999984741211,12.550000190734863,11.300000190734863,12.15999984741211,0,12.15999984741211,0,0.00,1.25
2026-08-10 00:00:00,12.15999984741211,12.920000076293945,10.819999694824219,12.25,0,12.15999984741211,0.09000015258789062,0.74,2.1000003814697266
2026-08-11 00:00:00,12.25,12.460000038146973,11.1899995803833,11.859999656677246,0,12.25,-0.3900003433227539,-3.18,1.2700004577636719
2026-08-12 00:00:00,11.859999656677246,12.09000015258789,11.260000228881836,11.6899995803833,0,11.859999656677246,-0.1700000762939453,-1.43,0.8299999237060547
2026-08-13 00:00:00,11.6899995803833,12.199999809265137,10.649999618530273,11.420000076293945,0,11.6899995803833,-0.26999950408935547,-2.31,1.5500001907348633
2026-08-14 00:00:00,11.420000076293945,11.5600004196167,10.829999923706055,11.3100004196167,0,11.420000076293945,-0.1099996566772461,-0.96,0.7300004959106445
2026-08-17 00:00:00,11.3100004196167,11.779999732971191,11.09000015258789,11.329999923706055,0,11.3100004196167,0.01999950408935547,0.18,0.6899995803833008
2026-08-18 00:00:00,11.329999923706055,11.789999961853027,10.140000343322754,11.390000343322754,0,11.329999923706055,0.06000041961669922,0.53,1.6499996185302734
2026-08-19 00:00:00,11.390000343322754,11.729999542236328,10.0600004196167,11.319999694824219,0,11.390000343322754,-0.07000064849853516,-0.61,1.669999122619629
2026-08-20 00:00:00,11.319999694824219,11.319999694824219,9.329999923706055,10.760000228881836,0,11.319999694824219,-0.5599994659423828,-4.95,1.989999771118164
2026-08-21 00:00:00,10.760000228881836,11.350000381469727,9.569999694824219,11.199999809265137,0,10.760000228881836,0.4399995803833008,4.09,1.7800006866455078
2026-08-24 00:00:00,11.194999694824219,11.760000228881836,10.322500228881836,11.524999618530273,0,11.199999809265137,0.3249998092651367,2.90,1.4375
